{"0" : {
	"eccentricity" : 1.5,
	"form_factor" : 0.24020016419124487,
	"major_axis_length" : 30,
	"area" : 490,
	"centroid_variation" : -2974.2004264392326,
	"solidity" : 0.13984018264840184,
	"eq_dia" : 78.469877029571,
	"perimeter" : 160.10921272681344,
	"roudness" : 117.69808045370999,
	"radius" : 39.2349385147855,
	"minor_axis_length" : 20
},
"1" : {
	"eccentricity" : 1.711111111111111,
	"form_factor" : 0.19004203411968884,
	"major_axis_length" : 77,
	"area" : 2372,
	"centroid_variation" : -194.7885678379626,
	"solidity" : 1.4002361275088548,
	"eq_dia" : 172.648287269987,
	"perimeter" : 396.0385294387404,
	"roudness" : 450.7797049319019,
	"radius" : 86.3241436349935,
	"minor_axis_length" : 45
},
"2" : {
	"eccentricity" : 1.4042553191489362,
	"form_factor" : 0.1705523089448443,
	"major_axis_length" : 66,
	"area" : 1757,
	"centroid_variation" : -258.39047976212794,
	"solidity" : 0.20787979176526267,
	"eq_dia" : 148.59042085352968,
	"perimeter" : 359.8007059470562,
	"roudness" : 299.66040681609144,
	"radius" : 74.29521042676484,
	"minor_axis_length" : 47
},
"3" : {
	"eccentricity" : 1.489795918367347,
	"form_factor" : 0.18474935669096118,
	"major_axis_length" : 73,
	"area" : 2241,
	"centroid_variation" : -123.72978347774915,
	"solidity" : 0.24577758280324633,
	"eq_dia" : 167.81310004519582,
	"perimeter" : 390.42209978432317,
	"roudness" : 414.023308344444,
	"radius" : 83.90655002259791,
	"minor_axis_length" : 49
},
"4" : {
	"eccentricity" : 1.2537313432835822,
	"form_factor" : 0.182872360533365,
	"major_axis_length" : 84,
	"area" : 3313,
	"centroid_variation" : 66.12895234032837,
	"solidity" : -3.348155634158666,
	"eq_dia" : 204.0401574332169,
	"perimeter" : 477.13537282410744,
	"roudness" : 605.8561304470383,
	"radius" : 102.02007871660845,
	"minor_axis_length" : 67
},
"5" : {
	"eccentricity" : 1.6511627906976745,
	"form_factor" : 0.17619611581991582,
	"major_axis_length" : 71,
	"area" : 1905,
	"centroid_variation" : -11.38160013122802,
	"solidity" : 0.34960543218939255,
	"eq_dia" : 154.72212518044802,
	"perimeter" : 368.59908844162925,
	"roudness" : 335.65360063693964,
	"radius" : 77.36106259022401,
	"minor_axis_length" : 43
},
"6" : {
	"eccentricity" : 1.0294117647058822,
	"form_factor" : 0.2547992381893087,
	"major_axis_length" : 35,
	"area" : 952,
	"centroid_variation" : -39.33416752448639,
	"solidity" : 0.29487378039337153,
	"eq_dia" : 109.37634490542246,
	"perimeter" : 216.68275242852164,
	"roudness" : 242.5688747562219,
	"radius" : 54.68817245271123,
	"minor_axis_length" : 34
},
"7" : {
	"eccentricity" : 1.0625,
	"form_factor" : 0.25666023910118596,
	"major_axis_length" : 34,
	"area" : 878,
	"centroid_variation" : 31.456611914162625,
	"solidity" : 0.8620520373097693,
	"eq_dia" : 105.0393897516896,
	"perimeter" : 207.33512968139289,
	"roudness" : 225.34768993084128,
	"radius" : 52.5196948758448,
	"minor_axis_length" : 32
},
"8" : {
	"eccentricity" : 1.2448979591836735,
	"form_factor" : 0.1785218469569036,
	"major_axis_length" : 61,
	"area" : 1715,
	"centroid_variation" : -78.68011004775776,
	"solidity" : 0.3089255156264073,
	"eq_dia" : 146.8036975134686,
	"perimeter" : 347.44919398381114,
	"roudness" : 306.16496753108964,
	"radius" : 73.4018487567343,
	"minor_axis_length" : 49
},
"9" : {
	"eccentricity" : 1.5510204081632653,
	"form_factor" : 0.1893015148179922,
	"major_axis_length" : 76,
	"area" : 2429,
	"centroid_variation" : 11.650424876671703,
	"solidity" : -6.276485788113695,
	"eq_dia" : 174.7103723946533,
	"perimeter" : 401.55186265288324,
	"roudness" : 459.8133794929031,
	"radius" : 87.35518619732665,
	"minor_axis_length" : 49
},
"10" : {
	"eccentricity" : 1.1025641025641026,
	"form_factor" : 0.20460579601005568,
	"major_axis_length" : 43,
	"area" : 1082,
	"centroid_variation" : -28.527478527478543,
	"solidity" : 0.2782206222679352,
	"eq_dia" : 116.60537296684328,
	"perimeter" : 257.78615944227886,
	"roudness" : 221.38347128288027,
	"radius" : 58.30268648342164,
	"minor_axis_length" : 39
},
"11" : {
	"eccentricity" : 1.0689655172413792,
	"form_factor" : 0.2687691252587261,
	"major_axis_length" : 31,
	"area" : 760,
	"centroid_variation" : -10.875595738375498,
	"solidity" : 0.2883156297420334,
	"eq_dia" : 97.72636116684674,
	"perimeter" : 188.50463760873365,
	"roudness" : 204.26453519663184,
	"radius" : 48.86318058342337,
	"minor_axis_length" : 29
},
"12" : {
	"eccentricity" : 1.3478260869565217,
	"form_factor" : 0.2557616869501078,
	"major_axis_length" : 31,
	"area" : 598,
	"centroid_variation" : 17.69853223652518,
	"solidity" : -10.310344827586206,
	"eq_dia" : 86.6873094944513,
	"perimeter" : 171.41064144328965,
	"roudness" : 152.94548879616448,
	"radius" : 43.34365474722565,
	"minor_axis_length" : 23
},
}