{"0" : {
	"eccentricity" : 1.2272727272727273,
	"form_factor" : 0.18440253532389758,
	"major_axis_length" : 54,
	"area" : 1404,
	"centroid_variation" : 6.298229946646513,
	"solidity" : 0.89171165449349,
	"eq_dia" : 132.82764901390178,
	"perimeter" : 309.3178921433418,
	"roudness" : 258.9011595947522,
	"radius" : 66.41382450695089,
	"minor_axis_length" : 44
},
"1" : {
	"eccentricity" : 1.2258064516129032,
	"form_factor" : 0.2413925533129885,
	"major_axis_length" : 38,
	"area" : 911,
	"centroid_variation" : -67.37475272576712,
	"solidity" : 0.3359144542772861,
	"eq_dia" : 106.9951570384436,
	"perimeter" : 217.77207350806026,
	"roudness" : 219.90861606813252,
	"radius" : 53.4975785192218,
	"minor_axis_length" : 31
},
"2" : {
	"eccentricity" : 1.3,
	"form_factor" : 0.23426952091754147,
	"major_axis_length" : 39,
	"area" : 890,
	"centroid_variation" : 84.29211544348891,
	"solidity" : -1.53713298791019,
	"eq_dia" : 105.7547627616821,
	"perimeter" : 218.49527042936194,
	"roudness" : 208.4998736166119,
	"radius" : 52.87738138084105,
	"minor_axis_length" : 30
},
"3" : {
	"eccentricity" : 1.1818181818181819,
	"form_factor" : 0.22585088547968724,
	"major_axis_length" : 39,
	"area" : 925,
	"centroid_variation" : 72.1205519244735,
	"solidity" : 1.3503649635036497,
	"eq_dia" : 107.8141587097086,
	"perimeter" : 226.86364186444683,
	"roudness" : 208.9120690687107,
	"radius" : 53.9070793548543,
	"minor_axis_length" : 33
},
"4" : {
	"eccentricity" : 1.2903225806451613,
	"form_factor" : 0.22569309947317837,
	"major_axis_length" : 40,
	"area" : 907,
	"centroid_variation" : 48.02226143613411,
	"solidity" : 0.423732772716655,
	"eq_dia" : 106.76000256286888,
	"perimeter" : 224.7239889286411,
	"roudness" : 204.7036412221728,
	"radius" : 53.38000128143444,
	"minor_axis_length" : 31
},
"5" : {
	"eccentricity" : 1.8064516129032258,
	"form_factor" : 0.15818873794027724,
	"major_axis_length" : 56,
	"area" : 1017,
	"centroid_variation" : 42.082995541143084,
	"solidity" : -0.3281703775411423,
	"eq_dia" : 113.04865728881205,
	"perimeter" : 284.2350478037499,
	"roudness" : 160.87794648526196,
	"radius" : 56.524328644406026,
	"minor_axis_length" : 31
},
}