{"0" : {
	"eccentricity" : 1.669291338582677,
	"form_factor" : 0.2017613410529615,
	"major_axis_length" : 212,
	"area" : 19336,
	"centroid_variation" : -20.70127355823882,
	"solidity" : 1.0893827995154792,
	"eq_dia" : 492.93340544058174,
	"perimeter" : 1097.4109082745624,
	"roudness" : 3901.2572906000637,
	"radius" : 246.46670272029087,
	"minor_axis_length" : 127
},
}