{"0" : {
	"eccentricity" : 2.12,
	"form_factor" : 0.20116367619025963,
	"major_axis_length" : 53,
	"area" : 1084,
	"centroid_variation" : -216.33896601545325,
	"solidity" : 4.075187969924812,
	"eq_dia" : 116.7130915791598,
	"perimeter" : 260.2224679000643,
	"roudness" : 218.06142499024145,
	"radius" : 58.3565457895799,
	"minor_axis_length" : 25
},
"1" : {
	"eccentricity" : 1.5319148936170213,
	"form_factor" : 0.20842804862811737,
	"major_axis_length" : 72,
	"area" : 2418,
	"centroid_variation" : -205.5553563745877,
	"solidity" : 0.6718532925812726,
	"eq_dia" : 174.3143257036566,
	"perimeter" : 381.81676966838427,
	"roudness" : 503.9790215827878,
	"radius" : 87.1571628518283,
	"minor_axis_length" : 47
},
"2" : {
	"eccentricity" : 1.368421052631579,
	"form_factor" : 0.15689673065180237,
	"major_axis_length" : 104,
	"area" : 4085,
	"centroid_variation" : -45.16615269285279,
	"solidity" : 0.3368655424071249,
	"eq_dia" : 226.56924760359075,
	"perimeter" : 571.9973482456016,
	"roudness" : 640.9231447126127,
	"radius" : 113.28462380179538,
	"minor_axis_length" : 76
},
"3" : {
	"eccentricity" : 1.0220588235294117,
	"form_factor" : 0.1248007531868276,
	"major_axis_length" : 139,
	"area" : 7406,
	"centroid_variation" : -89.39615930680172,
	"solidity" : 0.3453888305934476,
	"eq_dia" : 305.06809202200094,
	"perimeter" : 863.5513802895575,
	"roudness" : 924.2743781016452,
	"radius" : 152.53404601100047,
	"minor_axis_length" : 136
},
"4" : {
	"eccentricity" : 1.1794871794871795,
	"form_factor" : 0.23023568453001997,
	"major_axis_length" : 46,
	"area" : 1314,
	"centroid_variation" : 6.52366592369213,
	"solidity" : 0.6416015625,
	"eq_dia" : 128.49984819939655,
	"perimeter" : 267.80352947636817,
	"roudness" : 302.52968947244625,
	"radius" : 64.24992409969828,
	"minor_axis_length" : 39
},
"5" : {
	"eccentricity" : 1.0476190476190477,
	"form_factor" : 0.20978099281876283,
	"major_axis_length" : 44,
	"area" : 1218,
	"centroid_variation" : 46.21562316498673,
	"solidity" : -2.985294117647059,
	"eq_dia" : 123.71677092572968,
	"perimeter" : 270.1130133851385,
	"roudness" : 255.51324925325312,
	"radius" : 61.85838546286484,
	"minor_axis_length" : 42
},
"6" : {
	"eccentricity" : 1.24,
	"form_factor" : 0.14937171468400015,
	"major_axis_length" : 62,
	"area" : 1487,
	"centroid_variation" : 85.07093821510297,
	"solidity" : 1.4381044487427466,
	"eq_dia" : 136.69745097679066,
	"perimeter" : 353.69281134905754,
	"roudness" : 222.11573973510824,
	"radius" : 68.34872548839533,
	"minor_axis_length" : 50
},
"7" : {
	"eccentricity" : 1.1538461538461537,
	"form_factor" : 0.1745022659959531,
	"major_axis_length" : 45,
	"area" : 971,
	"centroid_variation" : -58.364831457631304,
	"solidity" : 0.12125374625374626,
	"eq_dia" : 110.46241834462414,
	"perimeter" : 264.4320010891269,
	"roudness" : 169.44170028207046,
	"radius" : 55.23120917231207,
	"minor_axis_length" : 39
},
"8" : {
	"eccentricity" : 1.2352941176470589,
	"form_factor" : 0.2062383992933634,
	"major_axis_length" : 42,
	"area" : 945,
	"centroid_variation" : 2.546595166617802,
	"solidity" : 0.2842532711685968,
	"eq_dia" : 108.9734840709859,
	"perimeter" : 239.95846307225756,
	"roudness" : 194.8952873322284,
	"radius" : 54.48674203549295,
	"minor_axis_length" : 34
},
}