{"0" : {
	"eccentricity" : 1.3821656050955413,
	"form_factor" : 0.1276254831673846,
	"major_axis_length" : 217,
	"area" : 14367,
	"centroid_variation" : 10.396948618842785,
	"solidity" : 0.9059209281795826,
	"eq_dia" : 424.9012198340907,
	"perimeter" : 1189.376294366085,
	"roudness" : 1833.5953166658144,
	"radius" : 212.45060991704534,
	"minor_axis_length" : 157
},
"1" : {
	"eccentricity" : 1.2077922077922079,
	"form_factor" : 0.23483273182766,
	"major_axis_length" : 93,
	"area" : 5372,
	"centroid_variation" : -160.02468788695182,
	"solidity" : 0.5646415808282531,
	"eq_dia" : 259.820212724756,
	"perimeter" : 536.1590226789064,
	"roudness" : 1261.5214353781896,
	"radius" : 129.910106362378,
	"minor_axis_length" : 77
},
"2" : {
	"eccentricity" : 1.273972602739726,
	"form_factor" : 0.22526327299307405,
	"major_axis_length" : 93,
	"area" : 4941,
	"centroid_variation" : -176.67159230211468,
	"solidity" : 0.3217111046000586,
	"eq_dia" : 249.17952806269756,
	"perimeter" : 525.0095023901949,
	"roudness" : 1113.025831858779,
	"radius" : 124.58976403134878,
	"minor_axis_length" : 73
},
"3" : {
	"eccentricity" : 2.0303030303030303,
	"form_factor" : 0.16988421619851143,
	"major_axis_length" : 67,
	"area" : 1487,
	"centroid_variation" : -140.2155887230514,
	"solidity" : 0.10109456795159426,
	"eq_dia" : 136.69745097679066,
	"perimeter" : 331.65297767395367,
	"roudness" : 252.6178294871865,
	"radius" : 68.34872548839533,
	"minor_axis_length" : 33
},
"4" : {
	"eccentricity" : 1.6896551724137931,
	"form_factor" : 0.13923398120298505,
	"major_axis_length" : 147,
	"area" : 6375,
	"centroid_variation" : -42.4720859311702,
	"solidity" : 1.4929742388758782,
	"eq_dia" : 283.03818234743477,
	"perimeter" : 758.5293782049579,
	"roudness" : 887.6166301690297,
	"radius" : 141.51909117371738,
	"minor_axis_length" : 87
},
}