{"0" : {
	"eccentricity" : 1.095890410958904,
	"form_factor" : 0.21836226583855423,
	"major_axis_length" : 80,
	"area" : 4019,
	"centroid_variation" : -604.4931207529954,
	"solidity" : 0.3613883643557234,
	"eq_dia" : 224.73149200570336,
	"perimeter" : 480.92254761031944,
	"roudness" : 877.5979464051494,
	"radius" : 112.36574600285168,
	"minor_axis_length" : 73
},
"1" : {
	"eccentricity" : 1.0810810810810811,
	"form_factor" : 0.23771364397711373,
	"major_axis_length" : 80,
	"area" : 4430,
	"centroid_variation" : -183.5278245294381,
	"solidity" : 0.3385944128100279,
	"eq_dia" : 235.94283591923516,
	"perimeter" : 483.9268738146291,
	"roudness" : 1053.0714428186138,
	"radius" : 117.97141795961758,
	"minor_axis_length" : 74
},
"2" : {
	"eccentricity" : 1.5,
	"form_factor" : 0.18224710870383337,
	"major_axis_length" : 90,
	"area" : 3346,
	"centroid_variation" : -216.92327609114835,
	"solidity" : 0.23199057061637662,
	"eq_dia" : 205.05383701761298,
	"perimeter" : 480.3276381804404,
	"roudness" : 609.7988257230264,
	"radius" : 102.52691850880649,
	"minor_axis_length" : 60
},
"3" : {
	"eccentricity" : 1.1754385964912282,
	"form_factor" : 0.2397364401888712,
	"major_axis_length" : 67,
	"area" : 2911,
	"centroid_variation" : 37.739450265121185,
	"solidity" : 1.0524222704266089,
	"eq_dia" : 191.2608293885592,
	"perimeter" : 390.6240770869098,
	"roudness" : 697.872777389804,
	"radius" : 95.6304146942796,
	"minor_axis_length" : 57
},
"4" : {
	"eccentricity" : 1.7777777777777777,
	"form_factor" : 0.23401078795050273,
	"major_axis_length" : 64,
	"area" : 1980,
	"centroid_variation" : 32.491375594956914,
	"solidity" : -2.3741007194244603,
	"eq_dia" : 157.73843481038844,
	"perimeter" : 326.0765652419689,
	"roudness" : 463.3413601419954,
	"radius" : 78.86921740519422,
	"minor_axis_length" : 36
},
}