{"0" : {
	"eccentricity" : 1.0303030303030303,
	"form_factor" : 0.16678550217208654,
	"major_axis_length" : 136,
	"area" : 9401,
	"centroid_variation" : -9.894699148417125,
	"solidity" : 0.8997033208919514,
	"eq_dia" : 343.70983422880204,
	"perimeter" : 841.613726123808,
	"roudness" : 1567.9505059197857,
	"radius" : 171.85491711440102,
	"minor_axis_length" : 132
},
}