{"0" : {
	"eccentricity" : 1.1264367816091954,
	"form_factor" : 0.20978411194582874,
	"major_axis_length" : 196,
	"area" : 22613,
	"centroid_variation" : -59.94248359833955,
	"solidity" : 0.8231290040768783,
	"eq_dia" : 533.0697315572363,
	"perimeter" : 1163.851917728368,
	"roudness" : 4743.848123431026,
	"radius" : 266.53486577861815,
	"minor_axis_length" : 174
},
}