{"0" : {
	"eccentricity" : 1.2,
	"form_factor" : 0.2598686118947602,
	"major_axis_length" : 24,
	"area" : 398,
	"centroid_variation" : -203.74921787010388,
	"solidity" : 0.12815971663178233,
	"eq_dia" : 70.72068653876991,
	"perimeter" : 138.729734375872,
	"roudness" : 103.42770753411455,
	"radius" : 35.360343269384956,
	"minor_axis_length" : 20
},
"1" : {
	"eccentricity" : 1.05,
	"form_factor" : 0.2652116642165944,
	"major_axis_length" : 21,
	"area" : 350,
	"centroid_variation" : 65.8408471672144,
	"solidity" : -1.2658227848101267,
	"eq_dia" : 66.31915043956542,
	"perimeter" : 128.77828698969404,
	"roudness" : 92.82408247580805,
	"radius" : 33.15957521978271,
	"minor_axis_length" : 20
},
"2" : {
	"eccentricity" : 1.1,
	"form_factor" : 0.25735731877633367,
	"major_axis_length" : 22,
	"area" : 357,
	"centroid_variation" : -15.072314049586776,
	"solidity" : 0.3411371237458194,
	"eq_dia" : 66.97905873723685,
	"perimeter" : 132.02943914142787,
	"roudness" : 91.87656280315112,
	"radius" : 33.48952936861843,
	"minor_axis_length" : 20
},
"3" : {
	"eccentricity" : 1.0476190476190477,
	"form_factor" : 0.25215055294471983,
	"major_axis_length" : 22,
	"area" : 366,
	"centroid_variation" : 38.31987154534839,
	"solidity" : 0.5980392156862745,
	"eq_dia" : 67.8180775667923,
	"perimeter" : 135.05650669256926,
	"roudness" : 92.28710237776745,
	"radius" : 33.90903878339615,
	"minor_axis_length" : 21
},
"4" : {
	"eccentricity" : 1.0869565217391304,
	"form_factor" : 0.2496049525674238,
	"major_axis_length" : 25,
	"area" : 452,
	"centroid_variation" : -144.66671699252663,
	"solidity" : 0.1492488030378075,
	"eq_dia" : 75.3657715258747,
	"perimeter" : 150.8507765972718,
	"roudness" : 112.82143856047556,
	"radius" : 37.68288576293735,
	"minor_axis_length" : 23
},
"5" : {
	"eccentricity" : 1.15,
	"form_factor" : 0.26066844118203675,
	"major_axis_length" : 23,
	"area" : 380,
	"centroid_variation" : -121.894254509865,
	"solidity" : 0.15031645569620253,
	"eq_dia" : 69.10297268176302,
	"perimeter" : 135.3482057509445,
	"roudness" : 99.05400764917397,
	"radius" : 34.55148634088151,
	"minor_axis_length" : 20
},
"6" : {
	"eccentricity" : 1.105263157894737,
	"form_factor" : 0.28287606490841294,
	"major_axis_length" : 21,
	"area" : 356,
	"centroid_variation" : -184.14937759336098,
	"solidity" : 0.14889167712254286,
	"eq_dia" : 66.88518474753482,
	"perimeter" : 125.75690199746495,
	"roudness" : 100.70387910739501,
	"radius" : 33.44259237376741,
	"minor_axis_length" : 19
},
"7" : {
	"eccentricity" : 1.0434782608695652,
	"form_factor" : 0.2583665631636919,
	"major_axis_length" : 24,
	"area" : 448,
	"centroid_variation" : -98.88390448442243,
	"solidity" : 0.16944024205748864,
	"eq_dia" : 75.03155359735602,
	"perimeter" : 147.6134004757021,
	"roudness" : 115.74822029733397,
	"radius" : 37.51577679867801,
	"minor_axis_length" : 23
},
"8" : {
	"eccentricity" : 1.0,
	"form_factor" : 0.26567449897686163,
	"major_axis_length" : 19,
	"area" : 301,
	"centroid_variation" : -32.3276732240192,
	"solidity" : 0.24244865082561418,
	"eq_dia" : 61.50185001219159,
	"perimeter" : 119.32000000000001,
	"roudness" : 79.96802419203534,
	"radius" : 30.750925006095795,
	"minor_axis_length" : 19
},
"9" : {
	"eccentricity" : 1.0454545454545454,
	"form_factor" : 0.25918409239243045,
	"major_axis_length" : 23,
	"area" : 412,
	"centroid_variation" : 16.450761105933516,
	"solidity" : 0.39406982305117166,
	"eq_dia" : 71.95376774788085,
	"perimeter" : 141.33488458268187,
	"roudness" : 106.78384606568135,
	"radius" : 35.97688387394042,
	"minor_axis_length" : 22
},
"10" : {
	"eccentricity" : 1.0476190476190477,
	"form_factor" : 0.2597288482518016,
	"major_axis_length" : 22,
	"area" : 377,
	"centroid_variation" : -16.873021184586477,
	"solidity" : 0.25336021505376344,
	"eq_dia" : 68.82965728240558,
	"perimeter" : 135.05650669256926,
	"roudness" : 97.9177757909292,
	"radius" : 34.41482864120279,
	"minor_axis_length" : 21
},
"11" : {
	"eccentricity" : 1.7272727272727273,
	"form_factor" : 0.2211259238685808,
	"major_axis_length" : 38,
	"area" : 669,
	"centroid_variation" : -6.542843934408382,
	"solidity" : 0.2185917333768992,
	"eq_dia" : 91.68915934289225,
	"perimeter" : 194.98363418502592,
	"roudness" : 147.93324306808054,
	"radius" : 45.84457967144613,
	"minor_axis_length" : 22
},
"12" : {
	"eccentricity" : 1.6470588235294117,
	"form_factor" : 0.20846251197380036,
	"major_axis_length" : 28,
	"area" : 351,
	"centroid_variation" : 27.82663123223576,
	"solidity" : -1.2359154929577465,
	"eq_dia" : 66.41382450695089,
	"perimeter" : 145.4603093630699,
	"roudness" : 73.17034170280392,
	"radius" : 33.206912253475444,
	"minor_axis_length" : 17
},
"13" : {
	"eccentricity" : 1.6923076923076923,
	"form_factor" : 0.24104845054789112,
	"major_axis_length" : 22,
	"area" : 247,
	"centroid_variation" : -41.641849586704836,
	"solidity" : 0.4229452054794521,
	"eq_dia" : 55.71259769340069,
	"perimeter" : 113.47527307744186,
	"roudness" : 59.53896728532911,
	"radius" : 27.856298846700344,
	"minor_axis_length" : 13
},
}