{"0" : {
	"eccentricity" : 1.125,
	"form_factor" : 0.23926032399919467,
	"major_axis_length" : 45,
	"area" : 1361,
	"centroid_variation" : 30.082966169384974,
	"solidity" : 2.04047976011994,
	"eq_dia" : 130.7777901868006,
	"perimeter" : 267.3613659450445,
	"roudness" : 325.63330096290395,
	"radius" : 65.3888950934003,
	"minor_axis_length" : 40
},
"1" : {
	"eccentricity" : 1.0476190476190477,
	"form_factor" : 0.22442088148017073,
	"major_axis_length" : 44,
	"area" : 1303,
	"centroid_variation" : 47.529869108130406,
	"solidity" : 2.6700819672131146,
	"eq_dia" : 127.96085694660692,
	"perimeter" : 270.1130133851385,
	"roudness" : 292.4204085686625,
	"radius" : 63.98042847330346,
	"minor_axis_length" : 42
},
"2" : {
	"eccentricity" : 1.654320987654321,
	"form_factor" : 0.15003050378416516,
	"major_axis_length" : 134,
	"area" : 5772,
	"centroid_variation" : -47.569009273232105,
	"solidity" : 4.740862422997947,
	"eq_dia" : 269.31968213645496,
	"perimeter" : 695.309734147308,
	"roudness" : 865.9760678422012,
	"radius" : 134.65984106822748,
	"minor_axis_length" : 81
},
"3" : {
	"eccentricity" : 1.0833333333333333,
	"form_factor" : 0.2215414649271551,
	"major_axis_length" : 52,
	"area" : 1741,
	"centroid_variation" : -82.43605678027082,
	"solidity" : 0.27733970529669455,
	"eq_dia" : 147.91230929033364,
	"perimeter" : 314.25109960030375,
	"roudness" : 385.70369043817703,
	"radius" : 73.95615464516682,
	"minor_axis_length" : 48
},
"4" : {
	"eccentricity" : 1.4102564102564104,
	"form_factor" : 0.22877643873876344,
	"major_axis_length" : 55,
	"area" : 1632,
	"centroid_variation" : 47.1438548715571,
	"solidity" : 0.3869132290184922,
	"eq_dia" : 143.20725136191314,
	"perimeter" : 299.40521571943265,
	"roudness" : 373.3631480216619,
	"radius" : 71.60362568095657,
	"minor_axis_length" : 39
},
"5" : {
	"eccentricity" : 1.236842105263158,
	"form_factor" : 0.2463233581509461,
	"major_axis_length" : 47,
	"area" : 1412,
	"centroid_variation" : 44.30991340044511,
	"solidity" : 0.5306275836151823,
	"eq_dia" : 133.2055378258545,
	"perimeter" : 268.39194771825777,
	"roudness" : 347.8085817091359,
	"radius" : 66.60276891292725,
	"minor_axis_length" : 38
},
}