{"0" : {
	"eccentricity" : 1.6428571428571428,
	"form_factor" : 0.24084250101314966,
	"major_axis_length" : 23,
	"area" : 274,
	"centroid_variation" : -1412.434061793519,
	"solidity" : 0.3233038348082596,
	"eq_dia" : 58.67866348456152,
	"perimeter" : 119.56763776206337,
	"roudness" : 65.99084527760301,
	"radius" : 29.33933174228076,
	"minor_axis_length" : 14
},
"1" : {
	"eccentricity" : 23.5,
	"form_factor" : 0.025700843854301745,
	"major_axis_length" : 94,
	"area" : 357,
	"centroid_variation" : -836.6743119266056,
	"solidity" : 0.016841211435041043,
	"eq_dia" : 66.97905873723685,
	"perimeter" : 417.797030147415,
	"roudness" : 9.175201255985723,
	"radius" : 33.48952936861843,
	"minor_axis_length" : 4
},
"2" : {
	"eccentricity" : 1.2083333333333333,
	"form_factor" : 0.24510220835841312,
	"major_axis_length" : 29,
	"area" : 545,
	"centroid_variation" : -801.6049459813902,
	"solidity" : 0.18490245971162,
	"eq_dia" : 82.7567035642778,
	"perimeter" : 167.15892557682943,
	"roudness" : 133.58070355533516,
	"radius" : 41.3783517821389,
	"minor_axis_length" : 24
},
"3" : {
	"eccentricity" : 1.4923076923076923,
	"form_factor" : 0.1371378675547395,
	"major_axis_length" : 97,
	"area" : 2934,
	"centroid_variation" : -22.77066639909409,
	"solidity" : 0.9835735836406302,
	"eq_dia" : 192.01492489525342,
	"perimeter" : 518.5089900859965,
	"roudness" : 402.3625034056057,
	"radius" : 96.00746244762671,
	"minor_axis_length" : 65
},
"4" : {
	"eccentricity" : 1.0434782608695652,
	"form_factor" : 0.2658638071840668,
	"major_axis_length" : 24,
	"area" : 461,
	"centroid_variation" : -68.96276253060172,
	"solidity" : 0.37601957585644374,
	"eq_dia" : 76.1123961862953,
	"perimeter" : 147.6134004757021,
	"roudness" : 122.5632151118548,
	"radius" : 38.05619809314765,
	"minor_axis_length" : 23
},
"5" : {
	"eccentricity" : 1.0666666666666667,
	"form_factor" : 0.23384075554194544,
	"major_axis_length" : 32,
	"area" : 706,
	"centroid_variation" : -315.1947198949105,
	"solidity" : 0.14570219791559177,
	"eq_dia" : 94.19053908826287,
	"perimeter" : 194.78126398604155,
	"roudness" : 165.09157341261349,
	"radius" : 47.09526954413143,
	"minor_axis_length" : 30
},
"6" : {
	"eccentricity" : 1.0384615384615385,
	"form_factor" : 0.25037059746334134,
	"major_axis_length" : 27,
	"area" : 552,
	"centroid_variation" : -249.26048373064208,
	"solidity" : 0.1465551573078455,
	"eq_dia" : 83.28647296606012,
	"perimeter" : 166.44962000557405,
	"roudness" : 138.2045697997644,
	"radius" : 41.64323648303006,
	"minor_axis_length" : 26
},
"7" : {
	"eccentricity" : 1.096774193548387,
	"form_factor" : 0.23841023497952024,
	"major_axis_length" : 34,
	"area" : 792,
	"centroid_variation" : -88.95812861011912,
	"solidity" : 0.28540540540540543,
	"eq_dia" : 99.76254571016352,
	"perimeter" : 204.31726897156784,
	"roudness" : 188.82090610378003,
	"radius" : 49.88127285508176,
	"minor_axis_length" : 31
},
"8" : {
	"eccentricity" : 1.037037037037037,
	"form_factor" : 0.2270232880327033,
	"major_axis_length" : 28,
	"area" : 539,
	"centroid_variation" : 38.784523589838216,
	"solidity" : 2.5011600928074245,
	"eq_dia" : 82.2999013434378,
	"perimeter" : 172.72854309580686,
	"roudness" : 122.36555224962709,
	"radius" : 41.1499506717189,
	"minor_axis_length" : 27
},
"9" : {
	"eccentricity" : 1.0,
	"form_factor" : 0.2526438147694412,
	"major_axis_length" : 26,
	"area" : 536,
	"centroid_variation" : -41.463961998329324,
	"solidity" : 0.3101851851851852,
	"eq_dia" : 82.07054678321886,
	"perimeter" : 163.28,
	"roudness" : 135.41708471642048,
	"radius" : 41.03527339160943,
	"minor_axis_length" : 26
},
"10" : {
	"eccentricity" : 1.565217391304348,
	"form_factor" : 0.21544819871154314,
	"major_axis_length" : 36,
	"area" : 617,
	"centroid_variation" : -111.97828813632627,
	"solidity" : 0.32542194092827004,
	"eq_dia" : 88.05368061052081,
	"perimeter" : 189.7038217854348,
	"roudness" : 132.93153860502213,
	"radius" : 44.02684030526041,
	"minor_axis_length" : 23
},
"11" : {
	"eccentricity" : 5.038461538461538,
	"form_factor" : 0.036405998252216173,
	"major_axis_length" : 131,
	"area" : 1019,
	"centroid_variation" : -109.39063625012533,
	"solidity" : 0.034482758620689655,
	"eq_dia" : 113.15976164711553,
	"perimeter" : 593.069448209904,
	"roudness" : 37.09771221900828,
	"radius" : 56.579880823557765,
	"minor_axis_length" : 26
},
"12" : {
	"eccentricity" : 1.28,
	"form_factor" : 0.12937683982468412,
	"major_axis_length" : 96,
	"area" : 3013,
	"centroid_variation" : -36.980516532513064,
	"solidity" : 0.3303184783204517,
	"eq_dia" : 194.58282211198446,
	"perimeter" : 540.9737952988111,
	"roudness" : 389.81241839177324,
	"radius" : 97.29141105599223,
	"minor_axis_length" : 75
},
"13" : {
	"eccentricity" : 1.2692307692307692,
	"form_factor" : 0.24443564144616356,
	"major_axis_length" : 33,
	"area" : 677,
	"centroid_variation" : 74.0,
	"solidity" : -3.582010582010582,
	"eq_dia" : 92.2357463563946,
	"perimeter" : 186.55934176556264,
	"roudness" : 165.48292925905272,
	"radius" : 46.1178731781973,
	"minor_axis_length" : 26
},
"14" : {
	"eccentricity" : 1.0740740740740742,
	"form_factor" : 0.25450039494642357,
	"major_axis_length" : 29,
	"area" : 627,
	"centroid_variation" : -3.453329425244469,
	"solidity" : 0.29333333333333333,
	"eq_dia" : 88.76437559743887,
	"perimeter" : 175.95210712009109,
	"roudness" : 159.5717476314076,
	"radius" : 44.382187798719436,
	"minor_axis_length" : 27
},
"15" : {
	"eccentricity" : 1.46875,
	"form_factor" : 0.2030262029025148,
	"major_axis_length" : 47,
	"area" : 1030,
	"centroid_variation" : 82.45139539239558,
	"solidity" : -0.2915782024062279,
	"eq_dia" : 113.76889615703384,
	"perimeter" : 252.4919277917613,
	"roudness" : 209.11698898959025,
	"radius" : 56.88444807851692,
	"minor_axis_length" : 32
},
"16" : {
	"eccentricity" : 1.0357142857142858,
	"form_factor" : 0.2568671143596169,
	"major_axis_length" : 29,
	"area" : 655,
	"centroid_variation" : 0.26181586376466587,
	"solidity" : 0.34849694067571163,
	"eq_dia" : 90.72470861019757,
	"perimeter" : 179.00754174056468,
	"roudness" : 168.24795990554907,
	"radius" : 45.36235430509878,
	"minor_axis_length" : 28
},
}