{"0" : {
	"eccentricity" : 1.139344262295082,
	"form_factor" : 0.17872504781271362,
	"major_axis_length" : 139,
	"area" : 9593,
	"centroid_variation" : -356.7522158298098,
	"solidity" : 0.5251546504625828,
	"eq_dia" : 347.2019488763672,
	"perimeter" : 821.2765892194906,
	"roudness" : 1714.5093836673618,
	"radius" : 173.6009744381836,
	"minor_axis_length" : 122
},
"1" : {
	"eccentricity" : 1.8125,
	"form_factor" : 0.23483562087065638,
	"major_axis_length" : 58,
	"area" : 1617,
	"centroid_variation" : -1315.1972933632323,
	"solidity" : 0.13027190332326283,
	"eq_dia" : 142.54761058474037,
	"perimeter" : 294.1561653271949,
	"roudness" : 379.7291989478514,
	"radius" : 71.27380529237018,
	"minor_axis_length" : 32
},
"2" : {
	"eccentricity" : 1.8604651162790697,
	"form_factor" : 0.16551604457031646,
	"major_axis_length" : 160,
	"area" : 8570,
	"centroid_variation" : -97.60043695653229,
	"solidity" : 0.5097852596514187,
	"eq_dia" : 328.167329521173,
	"perimeter" : 806.6317147248799,
	"roudness" : 1418.472501967612,
	"radius" : 164.0836647605865,
	"minor_axis_length" : 86
},
"3" : {
	"eccentricity" : 1.4919354838709677,
	"form_factor" : 0.16120185604140688,
	"major_axis_length" : 185,
	"area" : 12547,
	"centroid_variation" : 54.96147783137771,
	"solidity" : 3.1226978596316575,
	"eq_dia" : 397.0771362070152,
	"perimeter" : 988.985358435604,
	"roudness" : 2022.5996877515322,
	"radius" : 198.5385681035076,
	"minor_axis_length" : 124
},
"4" : {
	"eccentricity" : 1.3692307692307693,
	"form_factor" : 0.24260800179221026,
	"major_axis_length" : 89,
	"area" : 4624,
	"centroid_variation" : -18.779748624126142,
	"solidity" : 0.41990555757355613,
	"eq_dia" : 241.05372372315017,
	"perimeter" : 489.39697914882964,
	"roudness" : 1121.8194002871803,
	"radius" : 120.52686186157509,
	"minor_axis_length" : 65
},
}