{"0" : {
	"eccentricity" : 1.0080645161290323,
	"form_factor" : 0.230723869720285,
	"major_axis_length" : 125,
	"area" : 11224,
	"centroid_variation" : -67.24811618489758,
	"solidity" : 0.8449898366332906,
	"eq_dia" : 375.55950763569723,
	"perimeter" : 781.8663051954599,
	"roudness" : 2589.644713740479,
	"radius" : 187.77975381784861,
	"minor_axis_length" : 124
},
}