{"0" : {
	"eccentricity" : 2.5,
	"form_factor" : 0.17062693287749978,
	"major_axis_length" : 85,
	"area" : 2244,
	"centroid_variation" : -1427.9595789055516,
	"solidity" : 0.6029016657710908,
	"eq_dia" : 167.92538717722817,
	"perimeter" : 406.5299683910154,
	"roudness" : 382.8868373771095,
	"radius" : 83.96269358861409,
	"minor_axis_length" : 34
},
"1" : {
	"eccentricity" : 1.1428571428571428,
	"form_factor" : 0.24411064443079372,
	"major_axis_length" : 56,
	"area" : 2121,
	"centroid_variation" : -398.0301888329836,
	"solidity" : 0.22420718816067653,
	"eq_dia" : 163.25829863457417,
	"perimeter" : 330.43185439663654,
	"roudness" : 517.7586768377134,
	"radius" : 81.62914931728709,
	"minor_axis_length" : 49
},
"2" : {
	"eccentricity" : 1.0196078431372548,
	"form_factor" : 0.23760822566364692,
	"major_axis_length" : 52,
	"area" : 1978,
	"centroid_variation" : -272.004014763148,
	"solidity" : 0.2611738298012808,
	"eq_dia" : 157.65874880640922,
	"perimeter" : 323.43524235927043,
	"roudness" : 469.9890703626936,
	"radius" : 78.82937440320461,
	"minor_axis_length" : 51
},
"3" : {
	"eccentricity" : 1.0357142857142858,
	"form_factor" : 0.23284709794049244,
	"major_axis_length" : 58,
	"area" : 2375,
	"centroid_variation" : -132.3439583821149,
	"solidity" : 0.4911083540115798,
	"eq_dia" : 172.75743170440754,
	"perimeter" : 358.01508348112935,
	"roudness" : 553.0118576086695,
	"radius" : 86.37871585220377,
	"minor_axis_length" : 56
},
"4" : {
	"eccentricity" : 1.2537313432835822,
	"form_factor" : 0.14955091522438782,
	"major_axis_length" : 252,
	"area" : 24384,
	"centroid_variation" : 29.854706188434214,
	"solidity" : 1.668993839835729,
	"eq_dia" : 553.5507032427419,
	"perimeter" : 1431.4061184723223,
	"roudness" : 3646.6495168314727,
	"radius" : 276.77535162137093,
	"minor_axis_length" : 201
},
"5" : {
	"eccentricity" : 1.0,
	"form_factor" : 0.24116006378639337,
	"major_axis_length" : 54,
	"area" : 2207,
	"centroid_variation" : -238.46321452184887,
	"solidity" : 0.21462608188271906,
	"eq_dia" : 166.53522133738164,
	"perimeter" : 339.12,
	"roudness" : 532.2402607765702,
	"radius" : 83.26761066869082,
	"minor_axis_length" : 54
},
"6" : {
	"eccentricity" : 1.0232558139534884,
	"form_factor" : 0.17059696507525002,
	"major_axis_length" : 88,
	"area" : 4053,
	"centroid_variation" : -98.1441455488854,
	"solidity" : 0.4319744204636291,
	"eq_dia" : 225.68008352532513,
	"perimeter" : 546.396090762004,
	"roudness" : 691.4294994499883,
	"radius" : 112.84004176266257,
	"minor_axis_length" : 86
},
"7" : {
	"eccentricity" : 1.0188679245283019,
	"form_factor" : 0.23008354378336834,
	"major_axis_length" : 54,
	"area" : 2067,
	"centroid_variation" : -88.70208236227815,
	"solidity" : 0.2438075017692852,
	"eq_dia" : 161.1666468593313,
	"perimeter" : 335.99467257681334,
	"roudness" : 475.58268500022234,
	"radius" : 80.58332342966565,
	"minor_axis_length" : 53
},
}