{"0" : {
	"eccentricity" : 1.0714285714285714,
	"form_factor" : 0.2520302755305393,
	"major_axis_length" : 30,
	"area" : 666,
	"centroid_variation" : -388.9467974217702,
	"solidity" : 0.13985720285594289,
	"eq_dia" : 91.48334727786914,
	"perimeter" : 182.22824369454918,
	"roudness" : 167.85216350333917,
	"radius" : 45.74167363893457,
	"minor_axis_length" : 28
},
"1" : {
	"eccentricity" : 1.4047619047619047,
	"form_factor" : 0.16924903302812216,
	"major_axis_length" : 59,
	"area" : 1393,
	"centroid_variation" : -203.73578641237194,
	"solidity" : 0.12682083029861618,
	"eq_dia" : 132.30628959275643,
	"perimeter" : 321.6010012422225,
	"roudness" : 235.76390300817417,
	"radius" : 66.15314479637821,
	"minor_axis_length" : 42
},
"2" : {
	"eccentricity" : 1.0333333333333334,
	"form_factor" : 0.2561390514859978,
	"major_axis_length" : 31,
	"area" : 748,
	"centroid_variation" : -99.19842829076622,
	"solidity" : 0.20566400879846028,
	"eq_dia" : 96.95176749054481,
	"perimeter" : 191.56573597593072,
	"roudness" : 191.59201051152635,
	"radius" : 48.475883745272405,
	"minor_axis_length" : 30
},
"3" : {
	"eccentricity" : 1.0740740740740742,
	"form_factor" : 0.259777117648662,
	"major_axis_length" : 29,
	"area" : 640,
	"centroid_variation" : -165.40096119474123,
	"solidity" : 0.18677951262220926,
	"eq_dia" : 89.67985946236686,
	"perimeter" : 175.95210712009109,
	"roudness" : 166.2573552951437,
	"radius" : 44.83992973118343,
	"minor_axis_length" : 27
},
"4" : {
	"eccentricity" : 1.08,
	"form_factor" : 0.24474016669170937,
	"major_axis_length" : 27,
	"area" : 520,
	"centroid_variation" : -147.66362301257905,
	"solidity" : 0.11680143755615453,
	"eq_dia" : 80.83633291699203,
	"perimeter" : 163.40072460059656,
	"roudness" : 127.26488667968887,
	"radius" : 40.41816645849602,
	"minor_axis_length" : 25
},
"5" : {
	"eccentricity" : 1.037037037037037,
	"form_factor" : 0.24302864043575104,
	"major_axis_length" : 28,
	"area" : 577,
	"centroid_variation" : 16.467848637205606,
	"solidity" : 0.4541519086973632,
	"eq_dia" : 85.15160506112167,
	"perimeter" : 172.72854309580686,
	"roudness" : 140.22752553142834,
	"radius" : 42.575802530560836,
	"minor_axis_length" : 27
},
"6" : {
	"eccentricity" : 1.04,
	"form_factor" : 0.2419748473601428,
	"major_axis_length" : 26,
	"area" : 494,
	"centroid_variation" : -114.92483223153923,
	"solidity" : 0.1307916335716177,
	"eq_dia" : 78.78951125304326,
	"perimeter" : 160.17078135540203,
	"roudness" : 119.53557459591055,
	"radius" : 39.39475562652163,
	"minor_axis_length" : 25
},
"7" : {
	"eccentricity" : 1.1153846153846154,
	"form_factor" : 0.25961122504304435,
	"major_axis_length" : 29,
	"area" : 618,
	"centroid_variation" : 40.45976339433627,
	"solidity" : 0.4951923076923077,
	"eq_dia" : 88.1250080265186,
	"perimeter" : 172.95671828524036,
	"roudness" : 160.4397370766014,
	"radius" : 44.0625040132593,
	"minor_axis_length" : 26
},
"8" : {
	"eccentricity" : 1.0285714285714285,
	"form_factor" : 0.2542996176843575,
	"major_axis_length" : 36,
	"area" : 1006,
	"centroid_variation" : 2.316420750969554,
	"solidity" : 0.4444444444444444,
	"eq_dia" : 112.43562085942928,
	"perimeter" : 222.96211157952376,
	"roudness" : 255.82541539046363,
	"radius" : 56.21781042971464,
	"minor_axis_length" : 35
},
"9" : {
	"eccentricity" : 1.1538461538461537,
	"form_factor" : 0.25595762342403316,
	"major_axis_length" : 30,
	"area" : 633,
	"centroid_variation" : 79.81871031285283,
	"solidity" : -1.266,
	"eq_dia" : 89.18807430867288,
	"perimeter" : 176.2880007260846,
	"roudness" : 162.021175627413,
	"radius" : 44.59403715433644,
	"minor_axis_length" : 26
},
}