{"0" : {
	"eccentricity" : 1.075,
	"form_factor" : 0.0901463829111388,
	"major_axis_length" : 129,
	"area" : 4391,
	"centroid_variation" : 20.503078851288752,
	"solidity" : 2.036169719452817,
	"eq_dia" : 234.90196544016212,
	"perimeter" : 782.3705561944416,
	"roudness" : 395.8327673628105,
	"radius" : 117.45098272008106,
	"minor_axis_length" : 120
},
"1" : {
	"eccentricity" : 1.2325581395348837,
	"form_factor" : 0.1659517700130449,
	"major_axis_length" : 106,
	"area" : 4852,
	"centroid_variation" : -14.826251322429124,
	"solidity" : 0.5097977410034148,
	"eq_dia" : 246.92515104960594,
	"perimeter" : 606.142008443566,
	"roudness" : 805.1979881032938,
	"radius" : 123.46257552480297,
	"minor_axis_length" : 86
},
"2" : {
	"eccentricity" : 1.1379310344827587,
	"form_factor" : 0.23476473697998057,
	"major_axis_length" : 33,
	"area" : 711,
	"centroid_variation" : -115.82578979896027,
	"solidity" : 0.15278822391748145,
	"eq_dia" : 94.52348653540754,
	"perimeter" : 195.08474056163388,
	"roudness" : 166.91772799276617,
	"radius" : 47.26174326770377,
	"minor_axis_length" : 29
},
"3" : {
	"eccentricity" : 1.027027027027027,
	"form_factor" : 0.23265976422276385,
	"major_axis_length" : 38,
	"area" : 1027,
	"centroid_variation" : -27.688486603240374,
	"solidity" : 0.22029172029172028,
	"eq_dia" : 113.60309247968064,
	"perimeter" : 235.52093240304566,
	"roudness" : 238.94157785677848,
	"radius" : 56.80154623984032,
	"minor_axis_length" : 37
},
"4" : {
	"eccentricity" : 1.0857142857142856,
	"form_factor" : 0.2428247505962218,
	"major_axis_length" : 38,
	"area" : 1017,
	"centroid_variation" : -86.97703508749836,
	"solidity" : 0.1674901185770751,
	"eq_dia" : 113.04865728881205,
	"perimeter" : 229.41347998755435,
	"roudness" : 246.95277135635757,
	"radius" : 56.524328644406026,
	"minor_axis_length" : 35
},
"5" : {
	"eccentricity" : 1.0333333333333334,
	"form_factor" : 0.18748145813981787,
	"major_axis_length" : 62,
	"area" : 2190,
	"centroid_variation" : 29.782585459440163,
	"solidity" : 0.5239861227419548,
	"eq_dia" : 165.89259068881464,
	"perimeter" : 383.13147195186144,
	"roudness" : 410.5843933262011,
	"radius" : 82.94629534440732,
	"minor_axis_length" : 60
},
"6" : {
	"eccentricity" : 2.6363636363636362,
	"form_factor" : 0.16428472344023365,
	"major_axis_length" : 29,
	"area" : 248,
	"centroid_variation" : 0.17872585759584897,
	"solidity" : -0.22731439046746105,
	"eq_dia" : 55.825262313410356,
	"perimeter" : 137.73115261261702,
	"roudness" : 40.74261141317795,
	"radius" : 27.912631156705178,
	"minor_axis_length" : 11
},
}