{"0" : {
	"eccentricity" : 1.02,
	"form_factor" : 0.18639491994980514,
	"major_axis_length" : 51,
	"area" : 1492,
	"centroid_variation" : -311.6235797793512,
	"solidity" : 0.17348837209302326,
	"eq_dia" : 136.9270789749927,
	"perimeter" : 317.1555441735175,
	"roudness" : 278.10122056510926,
	"radius" : 68.46353948749635,
	"minor_axis_length" : 50
},
"1" : {
	"eccentricity" : 1.03125,
	"form_factor" : 0.2611794284618093,
	"major_axis_length" : 33,
	"area" : 866,
	"centroid_variation" : -180.75147334401564,
	"solidity" : 0.21655413853463365,
	"eq_dia" : 104.31911115435678,
	"perimeter" : 204.12415241710127,
	"roudness" : 226.18138504792685,
	"radius" : 52.15955557717839,
	"minor_axis_length" : 32
},
"2" : {
	"eccentricity" : 1.0588235294117647,
	"form_factor" : 0.2575572390115364,
	"major_axis_length" : 36,
	"area" : 991,
	"centroid_variation" : -93.8211710801159,
	"solidity" : 0.28567310464110696,
	"eq_dia" : 111.594234971301,
	"perimeter" : 219.88969598414567,
	"roudness" : 255.23922386043256,
	"radius" : 55.7971174856505,
	"minor_axis_length" : 34
},
"3" : {
	"eccentricity" : 1.2045454545454546,
	"form_factor" : 0.2121980762774207,
	"major_axis_length" : 53,
	"area" : 1580,
	"centroid_variation" : 8.50081150458247,
	"solidity" : 0.531896987039219,
	"eq_dia" : 140.9072942423049,
	"perimeter" : 305.88822141429375,
	"roudness" : 335.27296051832474,
	"radius" : 70.45364712115246,
	"minor_axis_length" : 44
},
"4" : {
	"eccentricity" : 1.2758620689655173,
	"form_factor" : 0.2517343857610525,
	"major_axis_length" : 37,
	"area" : 873,
	"centroid_variation" : -201.78220463337632,
	"solidity" : 0.2175429852977822,
	"eq_dia" : 104.73987562688605,
	"perimeter" : 208.75687294074896,
	"roudness" : 219.76411876939883,
	"radius" : 52.36993781344302,
	"minor_axis_length" : 29
},
"5" : {
	"eccentricity" : 1.1071428571428572,
	"form_factor" : 0.26403617837945276,
	"major_axis_length" : 31,
	"area" : 723,
	"centroid_variation" : 47.19471947194718,
	"solidity" : 1.7421686746987952,
	"eq_dia" : 95.31781551305968,
	"perimeter" : 185.49933692603864,
	"roudness" : 190.89815696834435,
	"radius" : 47.65890775652984,
	"minor_axis_length" : 28
},
"6" : {
	"eccentricity" : 1.1081081081081081,
	"form_factor" : 0.2436235589702837,
	"major_axis_length" : 41,
	"area" : 1166,
	"centroid_variation" : -57.98826653763891,
	"solidity" : 0.24398409709144173,
	"eq_dia" : 121.04704926739352,
	"perimeter" : 245.24183982346895,
	"roudness" : 284.0650697593508,
	"radius" : 60.52352463369676,
	"minor_axis_length" : 37
},
"7" : {
	"eccentricity" : 1.0344827586206897,
	"form_factor" : 0.2598843633714133,
	"major_axis_length" : 30,
	"area" : 710,
	"centroid_variation" : 42.20913801224682,
	"solidity" : 0.6804024916147581,
	"eq_dia" : 94.45699093341378,
	"perimeter" : 185.28660825866504,
	"roudness" : 184.51789799370343,
	"radius" : 47.22849546670689,
	"minor_axis_length" : 29
},
"8" : {
	"eccentricity" : 1.027027027027027,
	"form_factor" : 0.2467054364543231,
	"major_axis_length" : 38,
	"area" : 1089,
	"centroid_variation" : 67.61880353517353,
	"solidity" : 3.5822368421052633,
	"eq_dia" : 116.98195415976406,
	"perimeter" : 235.52093240304566,
	"roudness" : 268.66222029875786,
	"radius" : 58.49097707988203,
	"minor_axis_length" : 37
},
"9" : {
	"eccentricity" : 1.2916666666666667,
	"form_factor" : 0.1305005804880334,
	"major_axis_length" : 62,
	"area" : 1259,
	"centroid_variation" : -65.33133048265016,
	"solidity" : 0.37002204261572375,
	"eq_dia" : 125.781797584063,
	"perimeter" : 348.1862168438033,
	"roudness" : 164.30023083443405,
	"radius" : 62.8908987920315,
	"minor_axis_length" : 48
},
}