{"0" : {
	"eccentricity" : 1.791044776119403,
	"form_factor" : 0.1671013403990668,
	"major_axis_length" : 360,
	"area" : 44577,
	"centroid_variation" : -1.832882193226459,
	"solidity" : 1.39669758115052,
	"eq_dia" : 748.445791541571,
	"perimeter" : 1830.9242800290785,
	"roudness" : 7448.8764509692,
	"radius" : 374.2228957707855,
	"minor_axis_length" : 201
},
}