{"0" : {
	"eccentricity" : 1.2820512820512822,
	"form_factor" : 0.18083069169760463,
	"major_axis_length" : 100,
	"area" : 4564,
	"centroid_variation" : 30.172202653176644,
	"solidity" : 78.6896551724138,
	"eq_dia" : 239.4846873683895,
	"perimeter" : 563.1728090027075,
	"roudness" : 825.3112769078675,
	"radius" : 119.74234368419475,
	"minor_axis_length" : 78
},
"1" : {
	"eccentricity" : 1.0759493670886076,
	"form_factor" : 0.13761835563317168,
	"major_axis_length" : 85,
	"area" : 2908,
	"centroid_variation" : -212.90171129180416,
	"solidity" : 0.43663663663663665,
	"eq_dia" : 191.16224979466128,
	"perimeter" : 515.3045189012028,
	"roudness" : 400.1941781812632,
	"radius" : 95.58112489733064,
	"minor_axis_length" : 79
},
"2" : {
	"eccentricity" : 3.3,
	"form_factor" : 0.14203147313620407,
	"major_axis_length" : 33,
	"area" : 265,
	"centroid_variation" : -3731.607230092819,
	"solidity" : 0.22055763628797337,
	"eq_dia" : 57.7069165075139,
	"perimeter" : 153.1212878733718,
	"roudness" : 37.638340381094075,
	"radius" : 28.85345825375695,
	"minor_axis_length" : 10
},
"3" : {
	"eccentricity" : 1.8888888888888888,
	"form_factor" : 0.16189994519674641,
	"major_axis_length" : 34,
	"area" : 376,
	"centroid_variation" : -1805.6360166161446,
	"solidity" : 0.04998338318378199,
	"eq_dia" : 68.7383106498774,
	"perimeter" : 170.83446958971717,
	"roudness" : 60.87437939397665,
	"radius" : 34.3691553249387,
	"minor_axis_length" : 18
},
"4" : {
	"eccentricity" : 2.011111111111111,
	"form_factor" : 0.12869770443139975,
	"major_axis_length" : 181,
	"area" : 8252,
	"centroid_variation" : -122.05298102606643,
	"solidity" : 0.2088453021195824,
	"eq_dia" : 322.0212575431813,
	"perimeter" : 897.6336843055747,
	"roudness" : 1062.0134569679108,
	"radius" : 161.01062877159066,
	"minor_axis_length" : 90
},
"5" : {
	"eccentricity" : 1.375,
	"form_factor" : 0.15983313738572408,
	"major_axis_length" : 55,
	"area" : 1160,
	"centroid_variation" : 5.620827322441032,
	"solidity" : 0.4974271012006861,
	"eq_dia" : 120.73520577137656,
	"perimeter" : 301.99552976824015,
	"roudness" : 185.40643936743993,
	"radius" : 60.36760288568828,
	"minor_axis_length" : 40
},
"6" : {
	"eccentricity" : 1.0,
	"form_factor" : 0.2621405634037365,
	"major_axis_length" : 28,
	"area" : 645,
	"centroid_variation" : -149.18059673247967,
	"solidity" : 0.20084072863148061,
	"eq_dia" : 90.02948987005128,
	"perimeter" : 175.84,
	"roudness" : 169.08066339541003,
	"radius" : 45.01474493502564,
	"minor_axis_length" : 28
},
"7" : {
	"eccentricity" : 1.6363636363636365,
	"form_factor" : 0.13938696373461218,
	"major_axis_length" : 54,
	"area" : 876,
	"centroid_variation" : 17.358086150867745,
	"solidity" : 0.23504158840890796,
	"eq_dia" : 104.91968670453909,
	"perimeter" : 281.02561449092144,
	"roudness" : 122.10298023152026,
	"radius" : 52.459843352269544,
	"minor_axis_length" : 33
},
"8" : {
	"eccentricity" : 1.0961538461538463,
	"form_factor" : 0.1470057416148658,
	"major_axis_length" : 114,
	"area" : 5493,
	"centroid_variation" : 24.218867471717907,
	"solidity" : 0.6205377315860823,
	"eq_dia" : 262.73003974550556,
	"perimeter" : 685.239805031786,
	"roudness" : 807.5025386904578,
	"radius" : 131.36501987275278,
	"minor_axis_length" : 104
},
"9" : {
	"eccentricity" : 2.3333333333333335,
	"form_factor" : 0.1557302896162303,
	"major_axis_length" : 84,
	"area" : 2041,
	"centroid_variation" : 92.91238106149345,
	"solidity" : -0.6278068286681021,
	"eq_dia" : 160.1498124379391,
	"perimeter" : 405.8260198656562,
	"roudness" : 317.84552110672604,
	"radius" : 80.07490621896955,
	"minor_axis_length" : 36
},
"10" : {
	"eccentricity" : 1.0833333333333333,
	"form_factor" : 0.23363017208860234,
	"major_axis_length" : 26,
	"area" : 459,
	"centroid_variation" : -52.89344417154733,
	"solidity" : 0.14101382488479264,
	"eq_dia" : 75.94711391482141,
	"perimeter" : 157.12554980015187,
	"roudness" : 107.23624898866848,
	"radius" : 37.97355695741071,
	"minor_axis_length" : 24
},
"11" : {
	"eccentricity" : 1.5833333333333333,
	"form_factor" : 0.17785077321848713,
	"major_axis_length" : 76,
	"area" : 2255,
	"centroid_variation" : 71.77908681379965,
	"solidity" : -0.5747419395947496,
	"eq_dia" : 168.33646585151993,
	"perimeter" : 399.1630443816161,
	"roudness" : 401.0534936076885,
	"radius" : 84.16823292575997,
	"minor_axis_length" : 48
},
"12" : {
	"eccentricity" : 1.24,
	"form_factor" : 0.1960817666867305,
	"major_axis_length" : 31,
	"area" : 488,
	"centroid_variation" : -16.11448607656869,
	"solidity" : 0.11431248535956899,
	"eq_dia" : 78.30957067822091,
	"perimeter" : 176.84640567452877,
	"roudness" : 95.68790214312449,
	"radius" : 39.154785339110454,
	"minor_axis_length" : 25
},
"13" : {
	"eccentricity" : 1.1666666666666667,
	"form_factor" : 0.24824207978574966,
	"major_axis_length" : 21,
	"area" : 298,
	"centroid_variation" : -41.64687979640295,
	"solidity" : 0.09588159588159588,
	"eq_dia" : 61.19459488450784,
	"perimeter" : 122.8217733140179,
	"roudness" : 73.9761397761534,
	"radius" : 30.59729744225392,
	"minor_axis_length" : 18
},
}