{"0" : {
	"eccentricity" : 1.0,
	"form_factor" : 0.2425589072064847,
	"major_axis_length" : 33,
	"area" : 829,
	"centroid_variation" : -576.9461436967733,
	"solidity" : 0.38738317757009344,
	"eq_dia" : 102.06625906392256,
	"perimeter" : 207.24,
	"roudness" : 201.08133407417583,
	"radius" : 51.03312953196128,
	"minor_axis_length" : 33
},
"1" : {
	"eccentricity" : 1.6486486486486487,
	"form_factor" : 0.1429778933315914,
	"major_axis_length" : 61,
	"area" : 1142,
	"centroid_variation" : -857.4477706430315,
	"solidity" : 0.43356112376613515,
	"eq_dia" : 119.79480473542321,
	"perimeter" : 316.8133961814115,
	"roudness" : 163.28075418467736,
	"radius" : 59.89740236771161,
	"minor_axis_length" : 37
},
"2" : {
	"eccentricity" : 1.0303030303030303,
	"form_factor" : 0.24383575596778614,
	"major_axis_length" : 34,
	"area" : 859,
	"centroid_variation" : 32.33603238866397,
	"solidity" : 3.9768518518518516,
	"eq_dia" : 103.89664266825243,
	"perimeter" : 210.403431530952,
	"roudness" : 209.4549143763283,
	"radius" : 51.94832133412621,
	"minor_axis_length" : 33
},
"3" : {
	"eccentricity" : 1.16,
	"form_factor" : 0.251689539196968,
	"major_axis_length" : 29,
	"area" : 579,
	"centroid_variation" : -603.9402388342364,
	"solidity" : 0.22019395322304622,
	"eq_dia" : 85.2990538383279,
	"perimeter" : 170.0245488157519,
	"roudness" : 145.72824319504448,
	"radius" : 42.64952691916395,
	"minor_axis_length" : 25
},
"4" : {
	"eccentricity" : 1.2121212121212122,
	"form_factor" : 0.25618604195320044,
	"major_axis_length" : 40,
	"area" : 1081,
	"centroid_variation" : -389.57628568795985,
	"solidity" : 0.17297383790703255,
	"eq_dia" : 116.55147632751061,
	"perimeter" : 230.27142419327674,
	"roudness" : 276.93711135140967,
	"radius" : 58.27573816375531,
	"minor_axis_length" : 33
},
"5" : {
	"eccentricity" : 1.150943396226415,
	"form_factor" : 0.19235080810926855,
	"major_axis_length" : 61,
	"area" : 1971,
	"centroid_variation" : -7.808438792760762,
	"solidity" : 2.244874715261959,
	"eq_dia" : 157.37953005680862,
	"perimeter" : 358.84032103430076,
	"roudness" : 379.1234427833683,
	"radius" : 78.68976502840431,
	"minor_axis_length" : 53
},
"6" : {
	"eccentricity" : 1.0526315789473684,
	"form_factor" : 0.25499003726327946,
	"major_axis_length" : 40,
	"area" : 1218,
	"centroid_variation" : -48.445673111797085,
	"solidity" : 0.2251594417228949,
	"eq_dia" : 123.71677092572968,
	"perimeter" : 245.00049959132738,
	"roudness" : 310.5778653866744,
	"radius" : 61.85838546286484,
	"minor_axis_length" : 38
},
"7" : {
	"eccentricity" : 1.0357142857142858,
	"form_factor" : 0.25176898842576195,
	"major_axis_length" : 29,
	"area" : 642,
	"centroid_variation" : 22.08537051041113,
	"solidity" : 0.6211901306240929,
	"eq_dia" : 89.81987494100952,
	"perimeter" : 179.00754174056468,
	"roudness" : 161.63569056933918,
	"radius" : 44.90993747050476,
	"minor_axis_length" : 28
},
"8" : {
	"eccentricity" : 1.2857142857142858,
	"form_factor" : 0.1858775114816047,
	"major_axis_length" : 63,
	"area" : 1858,
	"centroid_variation" : -74.3892435109739,
	"solidity" : 0.19721897887697695,
	"eq_dia" : 152.80155955185583,
	"perimeter" : 354.4168506152043,
	"roudness" : 345.3604163328215,
	"radius" : 76.40077977592792,
	"minor_axis_length" : 49
},
"9" : {
	"eccentricity" : 1.0857142857142856,
	"form_factor" : 0.23972079606549332,
	"major_axis_length" : 38,
	"area" : 1004,
	"centroid_variation" : 79.88278545360332,
	"solidity" : 1.7430555555555556,
	"eq_dia" : 112.32380022424726,
	"perimeter" : 229.41347998755435,
	"roudness" : 240.67967924975528,
	"radius" : 56.16190011212363,
	"minor_axis_length" : 35
},
"10" : {
	"eccentricity" : 1.0,
	"form_factor" : 0.2560887233619787,
	"major_axis_length" : 32,
	"area" : 823,
	"centroid_variation" : -38.98424174066591,
	"solidity" : 0.17282654346913062,
	"eq_dia" : 101.69622911208458,
	"perimeter" : 200.96,
	"roudness" : 210.76101932690847,
	"radius" : 50.84811455604229,
	"minor_axis_length" : 32
},
}