{"0" : {
	"eccentricity" : 1.0476190476190477,
	"form_factor" : 0.25421736075574214,
	"major_axis_length" : 22,
	"area" : 369,
	"centroid_variation" : -2037.3392135244399,
	"solidity" : 0.11312078479460454,
	"eq_dia" : 68.0954532747858,
	"perimeter" : 135.05650669256926,
	"roudness" : 93.80620611886884,
	"radius" : 34.0477266373929,
	"minor_axis_length" : 21
},
"1" : {
	"eccentricity" : 1.2105263157894737,
	"form_factor" : 0.259202470232515,
	"major_axis_length" : 23,
	"area" : 362,
	"centroid_variation" : -314.5169082125604,
	"solidity" : 0.36019900497512436,
	"eq_dia" : 67.44646886530103,
	"perimeter" : 132.47674512909805,
	"roudness" : 93.83129422417043,
	"radius" : 33.723234432650514,
	"minor_axis_length" : 19
},
"2" : {
	"eccentricity" : 1.0476190476190477,
	"form_factor" : 0.24801693732267527,
	"major_axis_length" : 22,
	"area" : 360,
	"centroid_variation" : -613.107207752877,
	"solidity" : 0.22634391700723044,
	"eq_dia" : 67.25989459677514,
	"perimeter" : 135.05650669256926,
	"roudness" : 89.28609743616309,
	"radius" : 33.62994729838757,
	"minor_axis_length" : 21
},
"3" : {
	"eccentricity" : 1.0454545454545454,
	"form_factor" : 0.257925917186642,
	"major_axis_length" : 23,
	"area" : 410,
	"centroid_variation" : -548.6223662884927,
	"solidity" : 0.19181286549707602,
	"eq_dia" : 71.7789102166316,
	"perimeter" : 141.33488458268187,
	"roudness" : 105.74962604652322,
	"radius" : 35.8894551083158,
	"minor_axis_length" : 22
},
"4" : {
	"eccentricity" : 1.1428571428571428,
	"form_factor" : 0.24061951310230056,
	"major_axis_length" : 24,
	"area" : 384,
	"centroid_variation" : -685.4768500197862,
	"solidity" : 0.13076792099438106,
	"eq_dia" : 69.46572043759369,
	"perimeter" : 141.6136518842728,
	"roudness" : 92.39789303128342,
	"radius" : 34.732860218796844,
	"minor_axis_length" : 21
},
"5" : {
	"eccentricity" : 1.1,
	"form_factor" : 0.25735731877633367,
	"major_axis_length" : 22,
	"area" : 357,
	"centroid_variation" : -58.15301937491161,
	"solidity" : 0.42323651452282157,
	"eq_dia" : 66.97905873723685,
	"perimeter" : 132.02943914142787,
	"roudness" : 91.87656280315112,
	"radius" : 33.48952936861843,
	"minor_axis_length" : 20
},
"6" : {
	"eccentricity" : 1.475,
	"form_factor" : 0.15552244041478527,
	"major_axis_length" : 59,
	"area" : 1240,
	"centroid_variation" : -187.44918751745467,
	"solidity" : 0.38701622971285893,
	"eq_dia" : 124.82908139454273,
	"perimeter" : 316.5331818309101,
	"roudness" : 192.84782611433374,
	"radius" : 62.41454069727136,
	"minor_axis_length" : 40
},
"7" : {
	"eccentricity" : 1.9583333333333333,
	"form_factor" : 0.1732172949698487,
	"major_axis_length" : 47,
	"area" : 757,
	"centroid_variation" : 54.50628114253632,
	"solidity" : 1.6438653637350706,
	"eq_dia" : 97.53328947118463,
	"perimeter" : 234.34583845248886,
	"roudness" : 131.12549229217547,
	"radius" : 48.766644735592315,
	"minor_axis_length" : 24
},
"8" : {
	"eccentricity" : 1.0217391304347827,
	"form_factor" : 0.17254062047815594,
	"major_axis_length" : 47,
	"area" : 1171,
	"centroid_variation" : -287.3426741530589,
	"solidity" : 0.12167497921862011,
	"eq_dia" : 121.30630647008667,
	"perimeter" : 292.03688123249094,
	"roudness" : 202.04506657992061,
	"radius" : 60.653153235043334,
	"minor_axis_length" : 46
},
"9" : {
	"eccentricity" : 1.04,
	"form_factor" : 0.24442398549131836,
	"major_axis_length" : 26,
	"area" : 499,
	"centroid_variation" : -7.690056678166601,
	"solidity" : 0.8022508038585209,
	"eq_dia" : 79.18723973321224,
	"perimeter" : 160.17078135540203,
	"roudness" : 121.96756876016786,
	"radius" : 39.59361986660612,
	"minor_axis_length" : 25
},
"10" : {
	"eccentricity" : 1.1,
	"form_factor" : 0.2544737633838818,
	"major_axis_length" : 22,
	"area" : 353,
	"centroid_variation" : -72.16765171064678,
	"solidity" : 0.2187790517508522,
	"eq_dia" : 66.60276891292725,
	"perimeter" : 132.02943914142787,
	"roudness" : 89.82923847451026,
	"radius" : 33.30138445646362,
	"minor_axis_length" : 20
},
"11" : {
	"eccentricity" : 1.527027027027027,
	"form_factor" : 0.17596847392957965,
	"major_axis_length" : 113,
	"area" : 5038,
	"centroid_variation" : 6.609189823778788,
	"solidity" : 0.4261005624392101,
	"eq_dia" : 251.61354326653705,
	"perimeter" : 599.8139744954265,
	"roudness" : 886.5291716572223,
	"radius" : 125.80677163326853,
	"minor_axis_length" : 74
},
"12" : {
	"eccentricity" : 1.7333333333333334,
	"form_factor" : 0.1715171391453712,
	"major_axis_length" : 52,
	"area" : 970,
	"centroid_variation" : -86.9649547428799,
	"solidity" : 0.12828142564306025,
	"eq_dia" : 110.40552294123876,
	"perimeter" : 266.58581507649654,
	"roudness" : 166.37162497101008,
	"radius" : 55.20276147061938,
	"minor_axis_length" : 30
},
"13" : {
	"eccentricity" : 1.05,
	"form_factor" : 0.25914968332021515,
	"major_axis_length" : 21,
	"area" : 342,
	"centroid_variation" : -34.537394087248515,
	"solidity" : 0.16398945097099016,
	"eq_dia" : 65.5568360288295,
	"perimeter" : 128.77828698969404,
	"roudness" : 88.62919169551358,
	"radius" : 32.77841801441475,
	"minor_axis_length" : 20
},
"14" : {
	"eccentricity" : 1.1428571428571428,
	"form_factor" : 0.23811305984081826,
	"major_axis_length" : 24,
	"area" : 380,
	"centroid_variation" : -41.385092162168405,
	"solidity" : 0.10293918461330083,
	"eq_dia" : 69.10297268176302,
	"perimeter" : 141.6136518842728,
	"roudness" : 90.48296273951094,
	"radius" : 34.55148634088151,
	"minor_axis_length" : 21
},
"15" : {
	"eccentricity" : 1.1578947368421053,
	"form_factor" : 0.24736469028172156,
	"major_axis_length" : 22,
	"area" : 328,
	"centroid_variation" : -4.144250060700556,
	"solidity" : 0.25887924230465664,
	"eq_dia" : 64.20100903809697,
	"perimeter" : 129.08417408807324,
	"roudness" : 81.13561841240467,
	"radius" : 32.100504519048485,
	"minor_axis_length" : 19
},
"16" : {
	"eccentricity" : 1.1304347826086956,
	"form_factor" : 0.23216569346082383,
	"major_axis_length" : 26,
	"area" : 439,
	"centroid_variation" : 51.11734615627509,
	"solidity" : 1.0655339805825244,
	"eq_dia" : 74.27406478511645,
	"perimeter" : 154.14809762043774,
	"roudness" : 101.92073942930166,
	"radius" : 37.137032392558226,
	"minor_axis_length" : 23
},
"17" : {
	"eccentricity" : 1.05,
	"form_factor" : 0.2530877024238359,
	"major_axis_length" : 21,
	"area" : 334,
	"centroid_variation" : -32.89917877750377,
	"solidity" : 0.15251141552511416,
	"eq_dia" : 64.78555228749666,
	"perimeter" : 128.77828698969404,
	"roudness" : 84.53129260956118,
	"radius" : 32.39277614374833,
	"minor_axis_length" : 20
},
"18" : {
	"eccentricity" : 1.0,
	"form_factor" : 0.25031798335228017,
	"major_axis_length" : 25,
	"area" : 491,
	"centroid_variation" : 89.953388526522,
	"solidity" : -0.3686186186186186,
	"eq_dia" : 78.54990752159009,
	"perimeter" : 157.0,
	"roudness" : 122.90612982596956,
	"radius" : 39.27495376079504,
	"minor_axis_length" : 25
},
}