{"0" : {
	"eccentricity" : 1.0263157894736843,
	"form_factor" : 0.2353477191218894,
	"major_axis_length" : 39,
	"area" : 1095,
	"centroid_variation" : -418.87568003223856,
	"solidity" : 0.5179754020813624,
	"eq_dia" : 117.30377582466514,
	"perimeter" : 241.80038875072142,
	"roudness" : 257.7057524384689,
	"radius" : 58.65188791233257,
	"minor_axis_length" : 38
},
"1" : {
	"eccentricity" : 1.8888888888888888,
	"form_factor" : 0.20409727133845157,
	"major_axis_length" : 34,
	"area" : 474,
	"centroid_variation" : -1257.015885022693,
	"solidity" : 0.43032228778937814,
	"eq_dia" : 77.1781035735282,
	"perimeter" : 170.83446958971717,
	"roudness" : 96.74210661442605,
	"radius" : 38.5890517867641,
	"minor_axis_length" : 18
},
"2" : {
	"eccentricity" : 2.7,
	"form_factor" : 0.16834885095208738,
	"major_axis_length" : 27,
	"area" : 219,
	"centroid_variation" : -5337.33255678509,
	"solidity" : 0.11866702790571661,
	"eq_dia" : 52.459843352269544,
	"perimeter" : 127.85623488903465,
	"roudness" : 36.868398358507136,
	"radius" : 26.229921676134772,
	"minor_axis_length" : 10
},
"3" : {
	"eccentricity" : 1.0,
	"form_factor" : 0.23546571127765495,
	"major_axis_length" : 39,
	"area" : 1124,
	"centroid_variation" : -1160.6025909447787,
	"solidity" : 0.1783843834312014,
	"eq_dia" : 118.84696281579815,
	"perimeter" : 244.92000000000002,
	"roudness" : 264.66345947608414,
	"radius" : 59.423481407899075,
	"minor_axis_length" : 39
},
"4" : {
	"eccentricity" : 1.3636363636363635,
	"form_factor" : 0.22715638192754659,
	"major_axis_length" : 45,
	"area" : 1110,
	"centroid_variation" : -312.10307309253386,
	"solidity" : 0.3486728443536988,
	"eq_dia" : 118.10449348749896,
	"perimeter" : 247.8015108912777,
	"roudness" : 252.1435839395767,
	"radius" : 59.05224674374948,
	"minor_axis_length" : 33
},
"5" : {
	"eccentricity" : 1.0769230769230769,
	"form_factor" : 0.2539363336155322,
	"major_axis_length" : 42,
	"area" : 1309,
	"centroid_variation" : -394.20722749975516,
	"solidity" : 0.2151368230750267,
	"eq_dia" : 128.25513297406914,
	"perimeter" : 254.5143846622426,
	"roudness" : 332.4026607027316,
	"radius" : 64.12756648703457,
	"minor_axis_length" : 39
},
"6" : {
	"eccentricity" : 1.0256410256410255,
	"form_factor" : 0.2386938968550339,
	"major_axis_length" : 40,
	"area" : 1169,
	"centroid_variation" : -23.224745301612863,
	"solidity" : 0.4723232323232323,
	"eq_dia" : 121.20267013637064,
	"perimeter" : 248.07987262170224,
	"roudness" : 279.0331654235346,
	"radius" : 60.60133506818532,
	"minor_axis_length" : 39
},
"7" : {
	"eccentricity" : 1.105263157894737,
	"form_factor" : 0.2502976417026687,
	"major_axis_length" : 42,
	"area" : 1260,
	"centroid_variation" : -47.075418135364664,
	"solidity" : 0.4411764705882353,
	"eq_dia" : 125.83174072583022,
	"perimeter" : 251.5138039949299,
	"roudness" : 315.37502854536257,
	"radius" : 62.91587036291511,
	"minor_axis_length" : 38
},
"8" : {
	"eccentricity" : 1.0444444444444445,
	"form_factor" : 0.2484945062823156,
	"major_axis_length" : 47,
	"area" : 1651,
	"centroid_variation" : -108.49760351724385,
	"solidity" : 0.22223717862431014,
	"eq_dia" : 144.03845974012285,
	"perimeter" : 288.9482528066228,
	"roudness" : 410.26442987210305,
	"radius" : 72.01922987006142,
	"minor_axis_length" : 45
},
"9" : {
	"eccentricity" : 1.2121212121212122,
	"form_factor" : 0.19859750523291578,
	"major_axis_length" : 40,
	"area" : 838,
	"centroid_variation" : 62.646648215729016,
	"solidity" : -0.7006688963210702,
	"eq_dia" : 102.61880224809188,
	"perimeter" : 230.27142419327674,
	"roudness" : 166.42470938518343,
	"radius" : 51.30940112404594,
	"minor_axis_length" : 33
},
"10" : {
	"eccentricity" : 1.0833333333333333,
	"form_factor" : 0.21377924243401528,
	"major_axis_length" : 39,
	"area" : 945,
	"centroid_variation" : -56.61541663414762,
	"solidity" : 0.15008337965536409,
	"eq_dia" : 108.9734840709859,
	"perimeter" : 235.68832470022778,
	"roudness" : 202.02138410014445,
	"radius" : 54.48674203549295,
	"minor_axis_length" : 36
},
"11" : {
	"eccentricity" : 1.0681818181818181,
	"form_factor" : 0.1651202428516364,
	"major_axis_length" : 47,
	"area" : 1074,
	"centroid_variation" : 63.16109399252219,
	"solidity" : 8.325581395348838,
	"eq_dia" : 116.17349973131459,
	"perimeter" : 285.89523255906175,
	"roudness" : 177.3391408226575,
	"radius" : 58.086749865657296,
	"minor_axis_length" : 44
},
"12" : {
	"eccentricity" : 1.0714285714285714,
	"form_factor" : 0.2467323418106781,
	"major_axis_length" : 45,
	"area" : 1467,
	"centroid_variation" : -41.2569164637089,
	"solidity" : 0.2107455825312455,
	"eq_dia" : 135.77505548245932,
	"perimeter" : 273.34236554182377,
	"roudness" : 361.95634543626477,
	"radius" : 67.88752774122966,
	"minor_axis_length" : 42
},
"13" : {
	"eccentricity" : 2.5,
	"form_factor" : 0.1764841547684177,
	"major_axis_length" : 40,
	"area" : 514,
	"centroid_variation" : -9.618040221787624,
	"solidity" : -0.30586135078845583,
	"eq_dia" : 80.36861636099388,
	"perimeter" : 191.3082204193014,
	"roudness" : 90.7128555509667,
	"radius" : 40.18430818049694,
	"minor_axis_length" : 16
},
}