{"0" : {
	"eccentricity" : 1.1428571428571428,
	"form_factor" : 0.23916167804205063,
	"major_axis_length" : 56,
	"area" : 2078,
	"centroid_variation" : 20.653480546691323,
	"solidity" : 1.1496542185338865,
	"eq_dia" : 161.59491989737288,
	"perimeter" : 330.43185439663654,
	"roudness" : 496.9779669713812,
	"radius" : 80.79745994868644,
	"minor_axis_length" : 49
},
"1" : {
	"eccentricity" : 1.0784313725490196,
	"form_factor" : 0.2358313676298901,
	"major_axis_length" : 55,
	"area" : 2082,
	"centroid_variation" : -209.0813945049446,
	"solidity" : 0.2275907302142545,
	"eq_dia" : 161.75037440171752,
	"perimeter" : 333.07689682714414,
	"roudness" : 491.0009074054312,
	"radius" : 80.87518720085876,
	"minor_axis_length" : 51
},
"2" : {
	"eccentricity" : 1.0408163265306123,
	"form_factor" : 0.24257376494551947,
	"major_axis_length" : 51,
	"area" : 1904,
	"centroid_variation" : -53.35336484017573,
	"solidity" : 0.3637405673894355,
	"eq_dia" : 154.68151036804582,
	"perimeter" : 314.0627937212557,
	"roudness" : 461.8604484562691,
	"radius" : 77.34075518402291,
	"minor_axis_length" : 49
},
"3" : {
	"eccentricity" : 1.0,
	"form_factor" : 0.23290324380246538,
	"major_axis_length" : 49,
	"area" : 1755,
	"centroid_variation" : -89.07438357965111,
	"solidity" : 0.21725674671948503,
	"eq_dia" : 148.50582624328362,
	"perimeter" : 307.72,
	"roudness" : 408.74519287332674,
	"radius" : 74.25291312164181,
	"minor_axis_length" : 49
},
"4" : {
	"eccentricity" : 1.2641509433962264,
	"form_factor" : 0.1819761312372192,
	"major_axis_length" : 67,
	"area" : 2084,
	"centroid_variation" : -30.48304647831323,
	"solidity" : 0.35167060411744855,
	"eq_dia" : 161.828045654406,
	"perimeter" : 379.35566636073855,
	"roudness" : 379.2382574983648,
	"radius" : 80.914022827203,
	"minor_axis_length" : 53
},
}