{"0" : {
	"eccentricity" : 1.018181818181818,
	"form_factor" : 0.23428127008970862,
	"major_axis_length" : 56,
	"area" : 2265,
	"centroid_variation" : -238.34360296119917,
	"solidity" : 0.3928199791883455,
	"eq_dia" : 168.70930454934467,
	"perimeter" : 348.5541438571632,
	"roudness" : 530.64707675319,
	"radius" : 84.35465227467233,
	"minor_axis_length" : 55
},
"1" : {
	"eccentricity" : 1.1355932203389831,
	"form_factor" : 0.23707564921392804,
	"major_axis_length" : 67,
	"area" : 2965,
	"centroid_variation" : -89.23242678507295,
	"solidity" : 0.7685329186106791,
	"eq_dia" : 193.02665326730127,
	"perimeter" : 396.43665824441615,
	"roudness" : 702.9292999192967,
	"radius" : 96.51332663365064,
	"minor_axis_length" : 59
},
"2" : {
	"eccentricity" : 1.069767441860465,
	"form_factor" : 0.17880407003195717,
	"major_axis_length" : 92,
	"area" : 4450,
	"centroid_variation" : -103.02062326821118,
	"solidity" : 0.44867916918733614,
	"eq_dia" : 236.4748384794846,
	"perimeter" : 559.2374379456368,
	"roudness" : 795.6781116422094,
	"radius" : 118.2374192397423,
	"minor_axis_length" : 86
},
"3" : {
	"eccentricity" : 1.08,
	"form_factor" : 0.25544754898447164,
	"major_axis_length" : 54,
	"area" : 2171,
	"centroid_variation" : -40.64054151113819,
	"solidity" : 0.460250158999364,
	"eq_dia" : 165.17139765641556,
	"perimeter" : 326.8014492011931,
	"roudness" : 554.5766288452879,
	"radius" : 82.58569882820778,
	"minor_axis_length" : 50
},
"4" : {
	"eccentricity" : 1.3333333333333333,
	"form_factor" : 0.2585478152169318,
	"major_axis_length" : 56,
	"area" : 1988,
	"centroid_variation" : 17.17063965000104,
	"solidity" : 1.280103026400515,
	"eq_dia" : 158.0567770813578,
	"perimeter" : 310.8441410096063,
	"roudness" : 513.9930566512604,
	"radius" : 79.0283885406789,
	"minor_axis_length" : 42
},
}