{"0" : {
	"eccentricity" : 2.2413793103448274,
	"form_factor" : 0.17195860026598334,
	"major_axis_length" : 65,
	"area" : 1367,
	"centroid_variation" : -1717.9091605979302,
	"solidity" : 0.4073301549463647,
	"eq_dia" : 131.0657416330789,
	"perimeter" : 316.0656058478999,
	"roudness" : 235.0674065635992,
	"radius" : 65.53287081653944,
	"minor_axis_length" : 29
},
"1" : {
	"eccentricity" : 2.3260869565217392,
	"form_factor" : 0.14741908570251536,
	"major_axis_length" : 107,
	"area" : 3138,
	"centroid_variation" : 79.59841707525393,
	"solidity" : 2.0416395575797006,
	"eq_dia" : 198.57812313510036,
	"perimeter" : 517.195270666699,
	"roudness" : 462.6010909344932,
	"radius" : 99.28906156755018,
	"minor_axis_length" : 46
},
"2" : {
	"eccentricity" : 1.0222222222222221,
	"form_factor" : 0.2177183550145301,
	"major_axis_length" : 92,
	"area" : 5659,
	"centroid_variation" : -29.652196112674883,
	"solidity" : 0.8261916928242937,
	"eq_dia" : 266.6703795074709,
	"perimeter" : 571.5145044528616,
	"roudness" : 1232.0681710272258,
	"radius" : 133.33518975373545,
	"minor_axis_length" : 90
},
"3" : {
	"eccentricity" : 1.3,
	"form_factor" : 0.26665662412393965,
	"major_axis_length" : 65,
	"area" : 2814,
	"centroid_variation" : -123.98581210156905,
	"solidity" : 0.33879123525162536,
	"eq_dia" : 188.04724648025748,
	"perimeter" : 364.1587840489365,
	"roudness" : 750.3717402847661,
	"radius" : 94.02362324012874,
	"minor_axis_length" : 50
},
"4" : {
	"eccentricity" : 1.26,
	"form_factor" : 0.1720243162002296,
	"major_axis_length" : 126,
	"area" : 6985,
	"centroid_variation" : 43.191402433186106,
	"solidity" : -3.7422984195017412,
	"eq_dia" : 296.2703136348608,
	"perimeter" : 714.3206697275391,
	"roudness" : 1201.5898486586036,
	"radius" : 148.1351568174304,
	"minor_axis_length" : 100
},
"5" : {
	"eccentricity" : 1.2941176470588236,
	"form_factor" : 0.22193006167428264,
	"major_axis_length" : 110,
	"area" : 6730,
	"centroid_variation" : -9.195161712573663,
	"solidity" : 0.8057950191570882,
	"eq_dia" : 290.812094374765,
	"perimeter" : 617.3115420919976,
	"roudness" : 1493.5893150679221,
	"radius" : 145.4060471873825,
	"minor_axis_length" : 85
},
"6" : {
	"eccentricity" : 1.064516129032258,
	"form_factor" : 0.24620217924470453,
	"major_axis_length" : 66,
	"area" : 3168,
	"centroid_variation" : -65.99279415463116,
	"solidity" : 0.21317542561065878,
	"eq_dia" : 199.52509142032704,
	"perimeter" : 402.1162021107829,
	"roudness" : 779.9685038472239,
	"radius" : 99.76254571016352,
	"minor_axis_length" : 62
},
}