{"0" : {
	"eccentricity" : 1.8612244897959183,
	"form_factor" : 0.1424948087495893,
	"major_axis_length" : 456,
	"area" : 59917,
	"centroid_variation" : -25.293498482069648,
	"solidity" : 2.27251005082303,
	"eq_dia" : 867.7207085811416,
	"perimeter" : 2298.690181646931,
	"roudness" : 8537.861455849143,
	"radius" : 433.8603542905708,
	"minor_axis_length" : 245
},
}