{"0" : {
	"eccentricity" : 1.51,
	"form_factor" : 0.21009700103925144,
	"major_axis_length" : 151,
	"area" : 10814,
	"centroid_variation" : -77.5204593948524,
	"solidity" : 1.3587134062068098,
	"eq_dia" : 368.6363137615176,
	"perimeter" : 804.244663768433,
	"roudness" : 2271.988969238465,
	"radius" : 184.3181568807588,
	"minor_axis_length" : 100
},
"1" : {
	"eccentricity" : 1.0869565217391304,
	"form_factor" : 0.23150429843581374,
	"major_axis_length" : 75,
	"area" : 3773,
	"centroid_variation" : -175.27527637134497,
	"solidity" : 0.4065513711545714,
	"eq_dia" : 217.745071879887,
	"perimeter" : 452.55232979181534,
	"roudness" : 873.4657179983252,
	"radius" : 108.8725359399435,
	"minor_axis_length" : 69
},
"2" : {
	"eccentricity" : 1.05,
	"form_factor" : 0.24243187662941912,
	"major_axis_length" : 84,
	"area" : 5119,
	"centroid_variation" : 65.13276280859706,
	"solidity" : 3.9697557192710353,
	"eq_dia" : 253.62817504154503,
	"perimeter" : 515.1131479587762,
	"roudness" : 1241.0087764659966,
	"radius" : 126.81408752077252,
	"minor_axis_length" : 80
},
"3" : {
	"eccentricity" : 1.0348837209302326,
	"form_factor" : 0.24363962809831266,
	"major_axis_length" : 89,
	"area" : 5856,
	"centroid_variation" : -97.43997317236756,
	"solidity" : 0.36159308428527326,
	"eq_dia" : 271.2723102671692,
	"perimeter" : 549.5807369258861,
	"roudness" : 1426.7536621437189,
	"radius" : 135.6361551335846,
	"minor_axis_length" : 86
},
"4" : {
	"eccentricity" : 1.7435897435897436,
	"form_factor" : 0.20543912683008012,
	"major_axis_length" : 68,
	"area" : 1981,
	"centroid_variation" : 4.467846284879486,
	"solidity" : -15.007575757575758,
	"eq_dia" : 157.77826272033013,
	"perimeter" : 348.10125538411955,
	"roudness" : 406.9749102503887,
	"radius" : 78.88913136016507,
	"minor_axis_length" : 39
},
"5" : {
	"eccentricity" : 2.71875,
	"form_factor" : 0.151140181735082,
	"major_axis_length" : 87,
	"area" : 2038,
	"centroid_variation" : 44.43065657780728,
	"solidity" : -0.5756249117356306,
	"eq_dia" : 160.03206963625757,
	"perimeter" : 411.63950927966084,
	"roudness" : 308.02369037609714,
	"radius" : 80.01603481812879,
	"minor_axis_length" : 32
},
}