{"0" : {
	"eccentricity" : 1.043956043956044,
	"form_factor" : 0.19763118201057253,
	"major_axis_length" : 95,
	"area" : 5367,
	"centroid_variation" : -521.5681504905536,
	"solidity" : 0.35973055397298836,
	"eq_dia" : 259.69927047888615,
	"perimeter" : 584.1750381520936,
	"roudness" : 1060.6865538507427,
	"radius" : 129.84963523944307,
	"minor_axis_length" : 91
},
"1" : {
	"eccentricity" : 1.2272727272727273,
	"form_factor" : 0.2545093554961043,
	"major_axis_length" : 81,
	"area" : 4360,
	"centroid_variation" : -169.58324946323137,
	"solidity" : 0.8308718437351119,
	"eq_dia" : 234.07130511578302,
	"perimeter" : 463.97683821501266,
	"roudness" : 1109.6607899630148,
	"radius" : 117.03565255789151,
	"minor_axis_length" : 66
},
"2" : {
	"eccentricity" : 1.4305555555555556,
	"form_factor" : 0.21462777688037973,
	"major_axis_length" : 103,
	"area" : 5319,
	"centroid_variation" : 72.56046761804363,
	"solidity" : 1.7624254473161034,
	"eq_dia" : 258.5353463218839,
	"perimeter" : 558.0549485489759,
	"roudness" : 1141.6051452267398,
	"radius" : 129.26767316094194,
	"minor_axis_length" : 72
},
"3" : {
	"eccentricity" : 1.0246913580246915,
	"form_factor" : 0.20288266959820705,
	"major_axis_length" : 83,
	"area" : 4282,
	"centroid_variation" : -96.61324892235851,
	"solidity" : 0.38225316907695056,
	"eq_dia" : 231.9680990366692,
	"perimeter" : 514.9982912593011,
	"roudness" : 868.7435912195226,
	"radius" : 115.9840495183346,
	"minor_axis_length" : 81
},
"4" : {
	"eccentricity" : 1.295774647887324,
	"form_factor" : 0.24141070231027523,
	"major_axis_length" : 92,
	"area" : 5116,
	"centroid_variation" : 1.3332824466722075,
	"solidity" : 2.880630630630631,
	"eq_dia" : 253.55384450459735,
	"perimeter" : 516.0501874817992,
	"roudness" : 1235.0571530193681,
	"radius" : 126.77692225229868,
	"minor_axis_length" : 71
},
"5" : {
	"eccentricity" : 1.2553191489361701,
	"form_factor" : 0.2615141488477902,
	"major_axis_length" : 59,
	"area" : 2335,
	"centroid_variation" : -70.83663782092488,
	"solidity" : 0.17924311046288477,
	"eq_dia" : 171.29645467588833,
	"perimeter" : 334.96604006973604,
	"roudness" : 610.63553755959,
	"radius" : 85.64822733794416,
	"minor_axis_length" : 47
},
}