{"0" : {
	"eccentricity" : 1.1121495327102804,
	"form_factor" : 0.21802898981080363,
	"major_axis_length" : 119,
	"area" : 8762,
	"centroid_variation" : 33.83088778231877,
	"solidity" : 1.4813186813186814,
	"eq_dia" : 331.82305423676496,
	"perimeter" : 710.6396498929679,
	"roudness" : 1910.3700087222614,
	"radius" : 165.91152711838248,
	"minor_axis_length" : 107
},
}