{"0" : {
	"eccentricity" : 1.1394230769230769,
	"form_factor" : 0.15273920284969802,
	"major_axis_length" : 237,
	"area" : 23832,
	"centroid_variation" : -65.37239481663968,
	"solidity" : 0.6033264980633402,
	"eq_dia" : 547.249252609273,
	"perimeter" : 1400.2639799694914,
	"roudness" : 3640.0806823140033,
	"radius" : 273.6246263046365,
	"minor_axis_length" : 208
},
}