{"0" : {
	"eccentricity" : 1.3603603603603605,
	"form_factor" : 0.15740220686532683,
	"major_axis_length" : 302,
	"area" : 34700,
	"centroid_variation" : -56.09181900951713,
	"solidity" : 1.032722727340367,
	"eq_dia" : 660.3431383139098,
	"perimeter" : 1664.4251168496587,
	"roudness" : 5461.856578226841,
	"radius" : 330.1715691569549,
	"minor_axis_length" : 222
},
}