{"0" : {
	"eccentricity" : 1.2142857142857142,
	"form_factor" : 0.27461554643703445,
	"major_axis_length" : 17,
	"area" : 209,
	"centroid_variation" : -1790.1951451689672,
	"solidity" : 0.17711864406779662,
	"eq_dia" : 51.24813614563038,
	"perimeter" : 97.7947442350559,
	"roudness" : 57.3946492053402,
	"radius" : 25.62406807281519,
	"minor_axis_length" : 14
},
"1" : {
	"eccentricity" : 1.4516129032258065,
	"form_factor" : 0.20765558161591213,
	"major_axis_length" : 45,
	"area" : 973,
	"centroid_variation" : -1899.9000368285365,
	"solidity" : 0.17058204768583451,
	"eq_dia" : 110.57612132721728,
	"perimeter" : 242.6551693247024,
	"roudness" : 202.0488809122825,
	"radius" : 55.28806066360864,
	"minor_axis_length" : 31
},
"2" : {
	"eccentricity" : 1.0454545454545454,
	"form_factor" : 0.26862040643584423,
	"major_axis_length" : 23,
	"area" : 427,
	"centroid_variation" : -1460.014224751067,
	"solidity" : 0.16174242424242424,
	"eq_dia" : 73.25189589581534,
	"perimeter" : 141.33488458268187,
	"roudness" : 114.70091354810549,
	"radius" : 36.62594794790767,
	"minor_axis_length" : 22
},
"3" : {
	"eccentricity" : 1.0952380952380953,
	"form_factor" : 0.25359234670979736,
	"major_axis_length" : 23,
	"area" : 386,
	"centroid_variation" : -1029.2127270979527,
	"solidity" : 0.13007582139848356,
	"eq_dia" : 69.64638581536475,
	"perimeter" : 138.3026536260241,
	"roudness" : 97.88664582998177,
	"radius" : 34.823192907682376,
	"minor_axis_length" : 21
},
"4" : {
	"eccentricity" : 1.25,
	"form_factor" : 0.16519325617157632,
	"major_axis_length" : 55,
	"area" : 1286,
	"centroid_variation" : -242.93071384292594,
	"solidity" : 0.28161611737654657,
	"eq_dia" : 127.12337554543576,
	"perimeter" : 312.7730026712664,
	"roudness" : 212.43852743664715,
	"radius" : 63.56168777271788,
	"minor_axis_length" : 44
},
"5" : {
	"eccentricity" : 1.0526315789473684,
	"form_factor" : 0.25122171158943785,
	"major_axis_length" : 20,
	"area" : 300,
	"centroid_variation" : -795.6551198441601,
	"solidity" : 0.09775171065493646,
	"eq_dia" : 61.399602476789305,
	"perimeter" : 122.50024979566369,
	"roudness" : 75.36651347683136,
	"radius" : 30.699801238394652,
	"minor_axis_length" : 19
},
"6" : {
	"eccentricity" : 1.146341463414634,
	"form_factor" : 0.2154253085803122,
	"major_axis_length" : 47,
	"area" : 1315,
	"centroid_variation" : -29.13235418965956,
	"solidity" : 0.6979830148619958,
	"eq_dia" : 128.54873534143505,
	"perimeter" : 276.9615280142713,
	"roudness" : 283.28428078311055,
	"radius" : 64.27436767071752,
	"minor_axis_length" : 41
},
"7" : {
	"eccentricity" : 1.0454545454545454,
	"form_factor" : 0.25918409239243045,
	"major_axis_length" : 23,
	"area" : 412,
	"centroid_variation" : -308.7554751475909,
	"solidity" : 0.1911832946635731,
	"eq_dia" : 71.95376774788085,
	"perimeter" : 141.33488458268187,
	"roudness" : 106.78384606568135,
	"radius" : 35.97688387394042,
	"minor_axis_length" : 22
},
"8" : {
	"eccentricity" : 1.0833333333333333,
	"form_factor" : 0.24024714864013139,
	"major_axis_length" : 26,
	"area" : 472,
	"centroid_variation" : -449.77838146983123,
	"solidity" : 0.13002754820936638,
	"eq_dia" : 77.01510845267654,
	"perimeter" : 157.12554980015187,
	"roudness" : 113.39665415814201,
	"radius" : 38.50755422633827,
	"minor_axis_length" : 24
},
"9" : {
	"eccentricity" : 2.0,
	"form_factor" : 0.1640959284959576,
	"major_axis_length" : 40,
	"area" : 515,
	"centroid_variation" : -546.6143601239532,
	"solidity" : 0.17392772711921647,
	"eq_dia" : 80.44675796074677,
	"perimeter" : 198.59103705857422,
	"roudness" : 84.50940317541817,
	"radius" : 40.22337898037338,
	"minor_axis_length" : 20
},
"10" : {
	"eccentricity" : 1.1363636363636365,
	"form_factor" : 0.24881520844896438,
	"major_axis_length" : 25,
	"area" : 433,
	"centroid_variation" : -517.7730559649061,
	"solidity" : 0.09693306469666443,
	"eq_dia" : 73.76475090459888,
	"perimeter" : 147.8803327018167,
	"roudness" : 107.73698525840157,
	"radius" : 36.88237545229944,
	"minor_axis_length" : 22
},
"11" : {
	"eccentricity" : 1.0476190476190477,
	"form_factor" : 0.2617956560628239,
	"major_axis_length" : 22,
	"area" : 380,
	"centroid_variation" : -134.5662251655629,
	"solidity" : 0.23921938936103243,
	"eq_dia" : 69.10297268176302,
	"perimeter" : 135.05650669256926,
	"roudness" : 99.48234930387308,
	"radius" : 34.55148634088151,
	"minor_axis_length" : 21
},
"12" : {
	"eccentricity" : 1.456140350877193,
	"form_factor" : 0.1799656558076895,
	"major_axis_length" : 83,
	"area" : 2863,
	"centroid_variation" : -139.0006026245649,
	"solidity" : 0.26693394247354435,
	"eq_dia" : 189.677407903288,
	"perimeter" : 447.11659508454835,
	"roudness" : 515.241672577415,
	"radius" : 94.838703951644,
	"minor_axis_length" : 57
},
"13" : {
	"eccentricity" : 1.1176470588235294,
	"form_factor" : 0.2558867055261833,
	"major_axis_length" : 19,
	"area" : 261,
	"centroid_variation" : -133.0950842109265,
	"solidity" : 0.16634799235181644,
	"eq_dia" : 57.26973660099847,
	"perimeter" : 113.21431004956926,
	"roudness" : 66.78643014233384,
	"radius" : 28.634868300499235,
	"minor_axis_length" : 17
},
"14" : {
	"eccentricity" : 2.1666666666666665,
	"form_factor" : 0.16401044162816425,
	"major_axis_length" : 65,
	"area" : 1319,
	"centroid_variation" : -51.659224236056374,
	"solidity" : 0.8465982028241335,
	"eq_dia" : 128.74409827382283,
	"perimeter" : 317.90077068167045,
	"roudness" : 216.32977250754865,
	"radius" : 64.37204913691141,
	"minor_axis_length" : 30
},
"15" : {
	"eccentricity" : 1.2941176470588236,
	"form_factor" : 0.23825329800842376,
	"major_axis_length" : 22,
	"area" : 289,
	"centroid_variation" : -15.724991854024111,
	"solidity" : 0.480865224625624,
	"eq_dia" : 60.26343093078754,
	"perimeter" : 123.46230841839952,
	"roudness" : 68.85520312443447,
	"radius" : 30.13171546539377,
	"minor_axis_length" : 17
},
"16" : {
	"eccentricity" : 1.0454545454545454,
	"form_factor" : 0.1987916825145826,
	"major_axis_length" : 23,
	"area" : 316,
	"centroid_variation" : 54.67042282912069,
	"solidity" : 0.9054441260744985,
	"eq_dia" : 63.0156576902717,
	"perimeter" : 141.33488458268187,
	"roudness" : 62.8181716746081,
	"radius" : 31.50782884513585,
	"minor_axis_length" : 22
},
"17" : {
	"eccentricity" : 1.0555555555555556,
	"form_factor" : 0.265139761158517,
	"major_axis_length" : 19,
	"area" : 285,
	"centroid_variation" : -50.151364827393216,
	"solidity" : 0.2637667746413697,
	"eq_dia" : 59.84492981942885,
	"perimeter" : 116.22242468646057,
	"roudness" : 75.56483193017735,
	"radius" : 29.922464909714424,
	"minor_axis_length" : 18
},
"18" : {
	"eccentricity" : 1.0555555555555556,
	"form_factor" : 0.25862755649848324,
	"major_axis_length" : 19,
	"area" : 278,
	"centroid_variation" : -6.470949892407006,
	"solidity" : 0.25764596848934196,
	"eq_dia" : 59.10542302354201,
	"perimeter" : 116.22242468646057,
	"roudness" : 71.89846070657833,
	"radius" : 29.552711511771005,
	"minor_axis_length" : 18
},
"19" : {
	"eccentricity" : 1.28,
	"form_factor" : 0.2171882030644713,
	"major_axis_length" : 32,
	"area" : 562,
	"centroid_variation" : -66.48850138994187,
	"solidity" : 0.28732106339468305,
	"eq_dia" : 84.03749333047634,
	"perimeter" : 180.32459843293705,
	"roudness" : 122.05977012223288,
	"radius" : 42.01874666523817,
	"minor_axis_length" : 25
},
"20" : {
	"eccentricity" : 1.0,
	"form_factor" : 0.2586133827249849,
	"major_axis_length" : 19,
	"area" : 293,
	"centroid_variation" : 18.282860824742272,
	"solidity" : 0.30842105263157893,
	"eq_dia" : 60.67904572426331,
	"perimeter" : 119.32000000000001,
	"roudness" : 75.77372113842058,
	"radius" : 30.339522862131656,
	"minor_axis_length" : 19
},
"21" : {
	"eccentricity" : 1.0,
	"form_factor" : 0.2622760365631183,
	"major_axis_length" : 21,
	"area" : 363,
	"centroid_variation" : -104.41941074523398,
	"solidity" : 0.12580142089759141,
	"eq_dia" : 67.53956272446824,
	"perimeter" : 131.88,
	"roudness" : 95.20620127241195,
	"radius" : 33.76978136223412,
	"minor_axis_length" : 21
},
"22" : {
	"eccentricity" : 1.1875,