{"0" : {
	"eccentricity" : 1.7804878048780488,
	"form_factor" : 0.12408954885363879,
	"major_axis_length" : 73,
	"area" : 1365,
	"centroid_variation" : -454.33713245279597,
	"solidity" : 0.08872854914196568,
	"eq_dia" : 130.96982816129932,
	"perimeter" : 371.795094104266,
	"roudness" : 169.38223418521696,
	"radius" : 65.48491408064966,
	"minor_axis_length" : 41
},
"1" : {
	"eccentricity" : 1.4126984126984128,
	"form_factor" : 0.10981980696455931,
	"major_axis_length" : 89,
	"area" : 2049,
	"centroid_variation" : -86.41193009811809,
	"solidity" : 0.5377952755905512,
	"eq_dia" : 160.463370863328,
	"perimeter" : 484.212027938175,
	"roudness" : 225.02078447038204,
	"radius" : 80.231685431664,
	"minor_axis_length" : 63
},
"2" : {
	"eccentricity" : 1.1627906976744187,
	"form_factor" : 0.1584006132012315,
	"major_axis_length" : 50,
	"area" : 1081,
	"centroid_variation" : -155.9403153153153,
	"solidity" : 0.24705747914524054,
	"eq_dia" : 116.55147632751061,
	"perimeter" : 292.8460359984407,
	"roudness" : 171.23106287053125,
	"radius" : 58.27573816375531,
	"minor_axis_length" : 43
},
"3" : {
	"eccentricity" : 3.0,
	"form_factor" : 0.11070835853527265,
	"major_axis_length" : 69,
	"area" : 919,
	"centroid_variation" : 80.0356851945231,
	"solidity" : 1.3788447111777944,
	"eq_dia" : 107.46392229300064,
	"perimeter" : 322.9776586700696,
	"roudness" : 101.74098149391557,
	"radius" : 53.73196114650032,
	"minor_axis_length" : 23
},
"4" : {
	"eccentricity" : 1.425,
	"form_factor" : 0.19121914914825255,
	"major_axis_length" : 57,
	"area" : 1455,
	"centroid_variation" : -59.61231947812826,
	"solidity" : 0.7374556512924481,
	"eq_dia" : 135.2185979955886,
	"perimeter" : 309.22225146324774,
	"roudness" : 278.2238620107075,
	"radius" : 67.6092989977943,
	"minor_axis_length" : 40
},
}