{"0" : {
	"eccentricity" : 1.0769230769230769,
	"form_factor" : 0.2378349465337223,
	"major_axis_length" : 42,
	"area" : 1226,
	"centroid_variation" : -328.85768322681935,
	"solidity" : 0.24313336638572136,
	"eq_dia" : 124.12240077119176,
	"perimeter" : 254.5143846622426,
	"roudness" : 291.5856444503435,
	"radius" : 62.06120038559588,
	"minor_axis_length" : 39
},
"1" : {
	"eccentricity" : 1.0263157894736843,
	"form_factor" : 0.21363984731247312,
	"major_axis_length" : 39,
	"area" : 994,
	"centroid_variation" : 1.2008748272484504,
	"solidity" : 0.7210736307580704,
	"eq_dia" : 111.7630188867186,
	"perimeter" : 241.80038875072142,
	"roudness" : 212.3580082285983,
	"radius" : 55.8815094433593,
	"minor_axis_length" : 38
},
"2" : {
	"eccentricity" : 1.3571428571428572,
	"form_factor" : 0.22424431845502213,
	"major_axis_length" : 38,
	"area" : 784,
	"centroid_variation" : -156.4445219384006,
	"solidity" : 0.29144981412639404,
	"eq_dia" : 99.2574156507089,
	"perimeter" : 209.60529000957968,
	"roudness" : 175.80754566873736,
	"radius" : 49.62870782535445,
	"minor_axis_length" : 28
},
"3" : {
	"eccentricity" : 1.0303030303030303,
	"form_factor" : 0.24042943574472045,
	"major_axis_length" : 34,
	"area" : 847,
	"centroid_variation" : -285.456881390916,
	"solidity" : 0.13444444444444445,
	"eq_dia" : 103.16838619636454,
	"perimeter" : 210.403431530952,
	"roudness" : 203.64373207577822,
	"radius" : 51.58419309818227,
	"minor_axis_length" : 33
},
"4" : {
	"eccentricity" : 1.3137254901960784,
	"form_factor" : 0.18066348954598968,
	"major_axis_length" : 67,
	"area" : 2010,
	"centroid_variation" : -68.41771840480232,
	"solidity" : 0.23991406063499643,
	"eq_dia" : 158.92893045277168,
	"perimeter" : 373.91058824269743,
	"roudness" : 363.1336139874393,
	"radius" : 79.46446522638584,
	"minor_axis_length" : 51
},
"5" : {
	"eccentricity" : 1.4222222222222223,
	"form_factor" : 0.16741109503428422,
	"major_axis_length" : 64,
	"area" : 1608,
	"centroid_variation" : -13.020196231063355,
	"solidity" : 1.5409678965021563,
	"eq_dia" : 142.15035683349356,
	"perimeter" : 347.42081572640404,
	"roudness" : 269.197040815129,
	"radius" : 71.07517841674678,
	"minor_axis_length" : 45
},
"6" : {
	"eccentricity" : 1.2142857142857142,
	"form_factor" : 0.23026973451239371,
	"major_axis_length" : 34,
	"area" : 701,
	"centroid_variation" : 16.95109335658193,
	"solidity" : 0.2797286512370311,
	"eq_dia" : 93.85641054646071,
	"perimeter" : 195.5894884701118,
	"roudness" : 161.419083893188,
	"radius" : 46.928205273230354,
	"minor_axis_length" : 28
},
"7" : {
	"eccentricity" : 1.3870967741935485,
	"form_factor" : 0.1898190127507397,
	"major_axis_length" : 43,
	"area" : 837,
	"centroid_variation" : 10.632110631620245,
	"solidity" : 0.314543404735062,
	"eq_dia" : 102.55755556865924,
	"perimeter" : 235.3953100637309,
	"roudness" : 158.87851367236914,
	"radius" : 51.27877778432962,
	"minor_axis_length" : 31
},
}