{"0" : {
	"eccentricity" : 1.1379310344827587,
	"form_factor" : 0.2595289497415819,
	"major_axis_length" : 33,
	"area" : 786,
	"centroid_variation" : -693.5238486842107,
	"solidity" : 0.3981762917933131,
	"eq_dia" : 99.38393885777676,
	"perimeter" : 195.08474056163388,
	"roudness" : 203.9897544968834,
	"radius" : 49.69196942888838,
	"minor_axis_length" : 29
},
"1" : {
	"eccentricity" : 2.0,
	"form_factor" : 0.19202941017520472,
	"major_axis_length" : 30,
	"area" : 339,
	"centroid_variation" : -2284.1130012150666,
	"solidity" : 0.22874493927125505,
	"eq_dia" : 65.26867271722138,
	"perimeter" : 148.94327779393066,
	"roudness" : 65.0979700493944,
	"radius" : 32.63433635861069,
	"minor_axis_length" : 15
},
"2" : {
	"eccentricity" : 2.0,
	"form_factor" : 0.22499382310125352,
	"major_axis_length" : 28,
	"area" : 346,
	"centroid_variation" : -3659.5732734418866,
	"solidity" : 0.14030819140308193,
	"eq_dia" : 65.93909487222489,
	"perimeter" : 139.01372594100195,
	"roudness" : 77.84786279303371,
	"radius" : 32.96954743611244,
	"minor_axis_length" : 14
},
"3" : {
	"eccentricity" : 1.0666666666666667,
	"form_factor" : 0.2540451267714903,
	"major_axis_length" : 32,
	"area" : 767,
	"centroid_variation" : -140.67121147978924,
	"solidity" : 0.24638612271121105,
	"eq_dia" : 98.17538521041558,
	"perimeter" : 194.78126398604155,
	"roudness" : 194.85261223373308,
	"radius" : 49.08769260520779,
	"minor_axis_length" : 30
},
"4" : {
	"eccentricity" : 1.1428571428571428,
	"form_factor" : 0.210424583967881,
	"major_axis_length" : 32,
	"area" : 597,
	"centroid_variation" : -12.527951699463339,
	"solidity" : 0.572936660268714,
	"eq_dia" : 86.61479813965063,
	"perimeter" : 188.81820251236374,
	"roudness" : 125.62347662882496,
	"radius" : 43.307399069825316,
	"minor_axis_length" : 28
},
"5" : {
	"eccentricity" : 1.5,
	"form_factor" : 0.20985610566885612,
	"major_axis_length" : 33,
	"area" : 518,
	"centroid_variation" : -36.75487536469263,
	"solidity" : 0.2309407044137316,
	"eq_dia" : 80.68072866699985,
	"perimeter" : 176.1201339994948,
	"roudness" : 108.70546273646747,
	"radius" : 40.34036433349993,
	"minor_axis_length" : 22
},
"6" : {
	"eccentricity" : 1.037037037037037,
	"form_factor" : 0.25103131663727485,
	"major_axis_length" : 28,
	"area" : 596,
	"centroid_variation" : -51.52211422576366,
	"solidity" : 0.18733301901618735,
	"eq_dia" : 86.54222602959821,
	"perimeter" : 172.72854309580686,
	"roudness" : 149.61466471581582,
	"radius" : 43.271113014799106,
	"minor_axis_length" : 27
},
"7" : {
	"eccentricity" : 1.25,
	"form_factor" : 0.21094162182762383,
	"major_axis_length" : 35,
	"area" : 665,
	"centroid_variation" : 8.32860864510295,
	"solidity" : 0.1923633207983801,
	"eq_dia" : 91.41464028561754,
	"perimeter" : 199.03736533626042,
	"roudness" : 140.27617851536985,
	"radius" : 45.70732014280877,
	"minor_axis_length" : 28
},
"8" : {
	"eccentricity" : 1.1875,
	"form_factor" : 0.21199156157288027,
	"major_axis_length" : 38,
	"area" : 821,
	"centroid_variation" : -6.987916152897671,
	"solidity" : 0.16609346550677725,
	"eq_dia" : 101.57258623461784,
	"perimeter" : 220.60595096234374,
	"roudness" : 174.0450720513347,
	"radius" : 50.78629311730892,
	"minor_axis_length" : 32
},
"9" : {
	"eccentricity" : 1.2962962962962963,
	"form_factor" : 0.2530799465629141,
	"major_axis_length" : 35,
	"area" : 776,
	"centroid_variation" : -46.47784422148272,
	"solidity" : 0.16487835971528736,
	"eq_dia" : 98.74970175520895,
	"perimeter" : 196.29395507758258,
	"roudness" : 196.39003853282134,
	"radius" : 49.37485087760447,
	"minor_axis_length" : 27
},
"10" : {
	"eccentricity" : 1.32,
	"form_factor" : 0.24501640828547547,
	"major_axis_length" : 33,
	"area" : 659,
	"centroid_variation" : -25.781501772478265,
	"solidity" : 0.1539000467071462,
	"eq_dia" : 91.0013089733477,
	"perimeter" : 183.84425147390388,
	"roudness" : 161.46581306012834,
	"radius" : 45.50065448667385,
	"minor_axis_length" : 25
},
}