{"0" : {
	"eccentricity" : 1.3611111111111112,
	"form_factor" : 0.25907774136408085,
	"major_axis_length" : 49,
	"area" : 1503,
	"centroid_variation" : -1538.3056839815067,
	"solidity" : 0.2896790980052038,
	"eq_dia" : 137.4309100362136,
	"perimeter" : 270.0034859034231,
	"roudness" : 389.3938452702135,
	"radius" : 68.7154550181068,
	"minor_axis_length" : 36
},
"1" : {
	"eccentricity" : 1.15,
	"form_factor" : 0.24451004658244851,
	"major_axis_length" : 69,
	"area" : 3208,
	"centroid_variation" : -260.93152391478566,
	"solidity" : 0.3701823217170552,
	"eq_dia" : 200.78076832920084,
	"perimeter" : 406.04461725283346,
	"roudness" : 784.3882294364948,
	"radius" : 100.39038416460042,
	"minor_axis_length" : 60
},
"2" : {
	"eccentricity" : 1.1111111111111112,
	"form_factor" : 0.25075957056484427,
	"major_axis_length" : 60,
	"area" : 2564,
	"centroid_variation" : -73.49764637435868,
	"solidity" : 0.35755124808255473,
	"eq_dia" : 179.49978901162228,
	"perimeter" : 358.45544660389805,
	"roudness" : 642.9475389282607,
	"radius" : 89.74989450581114,
	"minor_axis_length" : 54
},
"3" : {
	"eccentricity" : 1.1666666666666667,
	"form_factor" : 0.24478501726524346,
	"major_axis_length" : 70,
	"area" : 3265,
	"centroid_variation" : 35.66310175801745,
	"solidity" : 0.9237515914556514,
	"eq_dia" : 202.55665887815857,
	"perimeter" : 409.4059110467263,
	"roudness" : 799.2230813710199,
	"radius" : 101.27832943907929,
	"minor_axis_length" : 60
},
"4" : {
	"eccentricity" : 1.0363636363636364,
	"form_factor" : 0.22538933390229976,
	"major_axis_length" : 57,
	"area" : 2219,
	"centroid_variation" : -3.2085369359011113,
	"solidity" : 0.32328088578088576,
	"eq_dia" : 166.98735399204037,
	"perimeter" : 351.736066959304,
	"roudness" : 500.1389319292032,
	"radius" : 83.49367699602018,
	"minor_axis_length" : 55
},
"5" : {
	"eccentricity" : 1.7307692307692308,
	"form_factor" : 0.20786046592587223,
	"major_axis_length" : 45,
	"area" : 881,
	"centroid_variation" : 86.52442564485361,
	"solidity" : -0.26157957244655583,
	"eq_dia" : 105.21868898275834,
	"perimeter" : 230.7846598021628,
	"roudness" : 183.12507048069344,
	"radius" : 52.60934449137917,
	"minor_axis_length" : 26
},
"6" : {
	"eccentricity" : 3.4210526315789473,
	"form_factor" : 0.128259110252621,
	"major_axis_length" : 65,
	"area" : 923,
	"centroid_variation" : -36.31147284149837,
	"solidity" : -2.1565420560747666,
	"eq_dia" : 107.69753979109048,
	"perimeter" : 300.7195557325795,
	"roudness" : 118.38315876316918,
	"radius" : 53.84876989554524,
	"minor_axis_length" : 19
},
}