{"0" : {
	"eccentricity" : 1.2592592592592593,
	"form_factor" : 0.17038829381053822,
	"major_axis_length" : 68,
	"area" : 2016,
	"centroid_variation" : -3.789692037657555,
	"solidity" : -201.6,
	"eq_dia" : 159.16596105495702,
	"perimeter" : 385.59404559717984,
	"roudness" : 343.50280032204506,
	"radius" : 79.58298052747851,
	"minor_axis_length" : 54
},
"1" : {
	"eccentricity" : 1.0909090909090908,
	"form_factor" : 0.25731107307664347,
	"major_axis_length" : 24,
	"area" : 428,
	"centroid_variation" : -2009.029524692175,
	"solidity" : 0.1009433962264151,
	"eq_dia" : 73.3376207886902,
	"perimeter" : 144.57645728126002,
	"roudness" : 110.1291392768034,
	"radius" : 36.6688103943451,
	"minor_axis_length" : 22
},
"2" : {
	"eccentricity" : 1.3548387096774193,
	"form_factor" : 0.15099495311738714,
	"major_axis_length" : 126,
	"area" : 5811,
	"centroid_variation" : -153.86274776581118,
	"solidity" : 0.6957614942528736,
	"eq_dia" : 270.2280141658913,
	"perimeter" : 695.4231661369932,
	"roudness" : 877.4316725651366,
	"radius" : 135.11400708294565,
	"minor_axis_length" : 93
},
"3" : {
	"eccentricity" : 1.0,
	"form_factor" : 0.25501693310624474,
	"major_axis_length" : 24,
	"area" : 461,
	"centroid_variation" : 69.36986588982495,
	"solidity" : 8.951456310679612,
	"eq_dia" : 76.1123961862953,
	"perimeter" : 150.72,
	"roudness" : 117.56280616197883,
	"radius" : 38.05619809314765,
	"minor_axis_length" : 24
},
"4" : {
	"eccentricity" : 1.03125,
	"form_factor" : 0.2494173063948225,
	"major_axis_length" : 33,
	"area" : 827,
	"centroid_variation" : 42.74926976109389,
	"solidity" : 1.3371059013742927,
	"eq_dia" : 101.94306498273943,
	"perimeter" : 204.12415241710127,
	"roudness" : 206.2681123885182,
	"radius" : 50.971532491369715,
	"minor_axis_length" : 32
},
"5" : {
	"eccentricity" : 1.0,
	"form_factor" : 0.2606567715811586,
	"major_axis_length" : 26,
	"area" : 553,
	"centroid_variation" : -280.76241842059073,
	"solidity" : 0.11209080774298166,
	"eq_dia" : 83.36187947581689,
	"perimeter" : 163.28,
	"roudness" : 144.1431946843807,
	"radius" : 41.680939737908446,
	"minor_axis_length" : 26
},
"6" : {
	"eccentricity" : 1.08,
	"form_factor" : 0.24003362502456113,
	"major_axis_length" : 27,
	"area" : 510,
	"centroid_variation" : -10.50904187044048,
	"solidity" : 0.5161943319838057,
	"eq_dia" : 80.05528722903428,
	"perimeter" : 163.40072460059656,
	"roudness" : 122.41714876252618,
	"radius" : 40.02764361451714,
	"minor_axis_length" : 25
},
"7" : {
	"eccentricity" : 1.0,
	"form_factor" : 0.24344526740905142,
	"major_axis_length" : 28,
	"area" : 599,
	"centroid_variation" : 68.80595862920654,
	"solidity" : 3.6303030303030304,
	"eq_dia" : 86.75976024633277,
	"perimeter" : 175.84,
	"roudness" : 145.8237151780218,
	"radius" : 43.37988012316639,
	"minor_axis_length" : 28
},
"8" : {
	"eccentricity" : 1.0833333333333333,
	"form_factor" : 0.24482813240657458,
	"major_axis_length" : 26,
	"area" : 481,
	"centroid_variation" : -140.98121350596597,
	"solidity" : 0.1613281905081335,
	"eq_dia" : 77.74589548977336,
	"perimeter" : 157.12554980015187,
	"roudness" : 117.76233168756238,
	"radius" : 38.87294774488668,
	"minor_axis_length" : 24
},
"9" : {
	"eccentricity" : 1.3448275862068966,
	"form_factor" : 0.20639639814770694,
	"major_axis_length" : 39,
	"area" : 765,
	"centroid_variation" : 14.574214257514123,
	"solidity" : 0.6179321486268174,
	"eq_dia" : 98.0473024615403,
	"perimeter" : 215.81647388464114,
	"roudness" : 157.8932445829958,
	"radius" : 49.02365123077015,
	"minor_axis_length" : 29
},
"10" : {
	"eccentricity" : 1.0384615384615385,
	"form_factor" : 0.24900988769451882,
	"major_axis_length" : 27,
	"area" : 549,
	"centroid_variation" : -74.64991110786393,
	"solidity" : 0.1974820143884892,
	"eq_dia" : 83.05984268756585,
	"perimeter" : 166.44962000557405,
	"roudness" : 136.70642834429083,
	"radius" : 41.529921343782924,
	"minor_axis_length" : 26
},
"11" : {
	"eccentricity" : 1.0454545454545454,
	"form_factor" : 0.26547496842137297,
	"major_axis_length" : 23,
	"area" : 422,
	"centroid_variation" : -13.856377073619427,
	"solidity" : 0.31328878990348924,
	"eq_dia" : 72.82175773255938,
	"perimeter" : 141.33488458268187,
	"roudness" : 112.0304366738194,
	"radius" : 36.41087886627969,
	"minor_axis_length" : 22
},
"12" : {
	"eccentricity" : 1.6296296296296295,
	"form_factor" : 0.1893862917266958,
	"major_axis_length" : 44,
	"area" : 792,
	"centroid_variation" : 60.30129461346972,
	"solidity" : 1.3894736842105264,
	"eq_dia" : 99.76254571016352,
	"perimeter" : 229.2415058404564,
	"roudness" : 149.99394304754307,
	"radius" : 49.88127285508176,
	"minor_axis_length" : 27
},
"13" : {
	"eccentricity" : 1.0434782608695652,
	"form_factor" : 0.2612501185561438,
	"major_axis_length" : 24,
	"area" : 453,
	"centroid_variation" : -64.6653856582065,
	"solidity" : 0.1838474025974026,
	"eq_dia" : 75.44909468180984,
	"perimeter" : 147.6134004757021,
	"roudness" : 118.34630370593312,
	"radius" : 37.72454734090492,
	"minor_axis_length" : 23
},
"14" : {
	"eccentricity" : 1.0833333333333333,
	"form_factor" : 0.2544990981357324,
	"major_axis_length" : 26,
	"area" : 500,
	"centroid_variation" : -24.42528459117983,
	"solidity" : 0.1976284584980237,
	"eq_dia" : 79.26654595212021,
	"perimeter" : 157.12554980015187,
	"roudness" : 127.2495490678662,
	"radius" : 39.633272976060105,
	"minor_axis_length" : 24
},
"15" : {
	"eccentricity" : 1.1538461538461537,
	"form_factor" : 0.17935454321726177,
	"major_axis_length" : 45,
	"area" : 998,
	"centroid_variation" : -37.55441400837031,
	"solidity" : 0.2798653954010095,
	"eq_dia" : 111.98766839759838,
	"perimeter" : 264.4320010891269,
	"roudness" : 178.99583413082723,
	"radius" : 55.99383419879919,
	"minor_axis_length" : 39
},
"16" : {
	"eccentricity" : 1.4883720930232558,
	"form_factor" : 0.15489470089193577,
	"major_axis_length" : 64,
	"area" : 1445,
	"centroid_variation" : -91.43969954096536,
	"solidity" : 0.13498365249883232,
	"eq_dia" : 134.75312811860437,
	"perimeter" : 342.3896084871736,
	"roudness" : 223.8228427888472,
	"radius" : 67.37656405930218,
	"minor_axis_length" : 43
},
"17" : {
	"eccentricity" : 1.15,
	"form_factor" : 0.17252134988758483,
	"major_axis_length" : 46,
	"area" : 1006,
	"centroid_variation" : 70.21545194411715,
	"solidity" : -1.8786181139122315,
	"eq_dia" : 112.43562085942928,
	"perimeter" : 270.696411501889,
	"roudness" : 173.55647798691035,
	"radius" : 56.21781042971464,
	"minor_axis_length" : 40
},
"18" : {
	"eccentricity" : 1.173913043478261,
	"form_factor" : 0.24973927716519387,
	"major_axis_length" : 27,
	"area" : 493,
	"centroid_variation" : -49.965324733867334,
	"solidity" : 0.13592500689274883,
	"eq_dia" : 78.70972438573948,
	"perimeter" : 157.50159872204475,
	"roudness" : 123.12146364244057,
	"radius" : 39.35486219286974,
	"minor_axis_length" : 23
},
"19" : {
	"eccentricity" : 1.1304347826086956,
	"form_factor" : 0.24697352812347317,
	"major_axis_length" : 26,
	"area" : 467,
	"centroid_variation" : -47.88573846804909,
	"solidity" : 0.10532250789354984,
	"eq_dia" : 76.60610339199961,
	"perimeter" : 154.14809762043774,
	"roudness" : 115.33663763366197,
	"radius" : 38.303051695999805,
	"minor_axis_length" : 23
},
"20" : {
	"eccentricity" : 1.037037037037037,
	"form_factor" : 0.2202841922840516,
	"major_axis_length" : 28,
	"area" : 523,
	"centroid_variation" : -57.45693628298192,
	"solidity" : 0.11416721239903951,
	"eq_dia" : 81.06917929342721,
	"perimeter" : 172.72854309580686,
	"roudness" : 115.208632564559,
	"radius" : 40.534589646713606,
	"minor_axis_length" : 27
},
}