{"0" : {
	"eccentricity" : 1.1428571428571428,
	"form_factor" : 0.26153273250279346,
	"major_axis_length" : 32,
	"area" : 742,
	"centroid_variation" : -683.9109020721479,
	"solidity" : 0.2480775660314276,
	"eq_dia" : 96.56214059275253,
	"perimeter" : 188.81820251236374,
	"roudness" : 194.05728751707275,
	"radius" : 48.281070296376264,
	"minor_axis_length" : 28
},
"1" : {
	"eccentricity" : 1.05,
	"form_factor" : 0.2856708497418746,
	"major_axis_length" : 21,
	"area" : 377,
	"centroid_variation" : -165.24786189420334,
	"solidity" : 0.254128749578699,
	"eq_dia" : 68.82965728240558,
	"perimeter" : 128.77828698969404,
	"roudness" : 107.69791035268673,
	"radius" : 34.41482864120279,
	"minor_axis_length" : 20
},
"2" : {
	"eccentricity" : 1.0833333333333333,
	"form_factor" : 0.24612890557482395,
	"major_axis_length" : 39,
	"area" : 1088,
	"centroid_variation" : -272.2150660361976,
	"solidity" : 0.13747788728834975,
	"eq_dia" : 116.92823110105951,
	"perimeter" : 235.68832470022778,
	"roudness" : 267.78824926540847,
	"radius" : 58.464115550529755,
	"minor_axis_length" : 36
},
"3" : {
	"eccentricity" : 1.032258064516129,
	"form_factor" : 0.2590798254799105,
	"major_axis_length" : 32,
	"area" : 807,
	"centroid_variation" : -17.293906197677835,
	"solidity" : 0.2943643990516141,
	"eq_dia" : 100.70283553995812,
	"perimeter" : 197.84491906541348,
	"roudness" : 209.07741916228775,
	"radius" : 50.35141776997906,
	"minor_axis_length" : 31
},
"4" : {
	"eccentricity" : 1.0,
	"form_factor" : 0.25577332491279303,
	"major_axis_length" : 21,
	"area" : 354,
	"centroid_variation" : 73.54005472036717,
	"solidity" : -0.9860724233983287,
	"eq_dia" : 66.69704039523154,
	"perimeter" : 131.88,
	"roudness" : 90.54375701912873,
	"radius" : 33.34852019761577,
	"minor_axis_length" : 21
},
"5" : {
	"eccentricity" : 1.3888888888888888,
	"form_factor" : 0.2652475953467759,
	"major_axis_length" : 25,
	"area" : 395,
	"centroid_variation" : 37.205393785421144,
	"solidity" : 0.6752136752136753,
	"eq_dia" : 70.45364712115246,
	"perimeter" : 136.79737131977353,
	"roudness" : 104.77280016197648,
	"radius" : 35.22682356057623,
	"minor_axis_length" : 18
},
"6" : {
	"eccentricity" : 1.0357142857142858,
	"form_factor" : 0.2584357684931108,
	"major_axis_length" : 29,
	"area" : 659,
	"centroid_variation" : 11.073929616168778,
	"solidity" : 0.4036753445635528,
	"eq_dia" : 91.0013089733477,
	"perimeter" : 179.00754174056468,
	"roudness" : 170.30917143696,
	"radius" : 45.50065448667385,
	"minor_axis_length" : 28
},
"7" : {
	"eccentricity" : 1.2,
	"form_factor" : 0.25490629669274967,
	"major_axis_length" : 30,
	"area" : 610,
	"centroid_variation" : -60.83374490898809,
	"solidity" : 0.12167148698514012,
	"eq_dia" : 87.55276166266313,
	"perimeter" : 173.41216796984,
	"roudness" : 155.4928409825773,
	"radius" : 43.776380831331565,
	"minor_axis_length" : 25
},
"8" : {
	"eccentricity" : 2.2142857142857144,
	"form_factor" : 0.19112464337161653,
	"major_axis_length" : 31,
	"area" : 347,
	"centroid_variation" : -1.56568531070523,
	"solidity" : -6.034782608695652,
	"eq_dia" : 66.03431383139097,
	"perimeter" : 151.04672919331952,
	"roudness" : 66.32025124995093,
	"radius" : 33.01715691569549,
	"minor_axis_length" : 14
},
}