{"0" : {
	"eccentricity" : 1.216867469879518,
	"form_factor" : 0.2090783507250215,
	"major_axis_length" : 101,
	"area" : 5607,
	"centroid_variation" : -164.99905162057925,
	"solidity" : 0.4511949786754647,
	"eq_dia" : 265.4423478548814,
	"perimeter" : 580.5179824949439,
	"roudness" : 1172.3023125151956,
	"radius" : 132.7211739274407,
	"minor_axis_length" : 83
},
"1" : {
	"eccentricity" : 1.064102564102564,
	"form_factor" : 0.19088989997456737,
	"major_axis_length" : 83,
	"area" : 3886,
	"centroid_variation" : -169.0478721728722,
	"solidity" : 0.27167225950782997,
	"eq_dia" : 220.98171011963805,
	"perimeter" : 505.7837300665177,
	"roudness" : 741.7981513011688,
	"radius" : 110.49085505981903,
	"minor_axis_length" : 78
},
"2" : {
	"eccentricity" : 2.1341463414634148,
	"form_factor" : 0.18275598703285506,
	"major_axis_length" : 175,
	"area" : 10711,
	"centroid_variation" : 78.5603548729787,
	"solidity" : 2.9313081554460867,
	"eq_dia" : 366.87654006545733,
	"perimeter" : 858.1913544192811,
	"roudness" : 1957.4993771089105,
	"radius" : 183.43827003272867,
	"minor_axis_length" : 82
},
"3" : {
	"eccentricity" : 1.1304347826086956,
	"form_factor" : 0.2469147668748119,
	"major_axis_length" : 78,
	"area" : 4202,
	"centroid_variation" : 3.2787347457317937,
	"solidity" : 0.7076456719434153,
	"eq_dia" : 229.79096875538264,
	"perimeter" : 462.4442928613132,
	"roudness" : 1037.5358504079595,
	"radius" : 114.89548437769132,
	"minor_axis_length" : 69
},
"4" : {
	"eccentricity" : 1.0721649484536082,
	"form_factor" : 0.1786234605625708,
	"major_axis_length" : 104,
	"area" : 5669,
	"centroid_variation" : 28.94260595020892,
	"solidity" : 2.390470166561248,
	"eq_dia" : 266.9058916787004,
	"perimeter" : 631.5226203391293,
	"roudness" : 1012.6163979292139,
	"radius" : 133.4529458393502,
	"minor_axis_length" : 97
},
}