{"0" : {
	"eccentricity" : 1.108695652173913,
	"form_factor" : 0.22169876662751864,
	"major_axis_length" : 51,
	"area" : 1641,
	"centroid_variation" : -1439.3145278309826,
	"solidity" : 0.24439645543227345,
	"eq_dia" : 143.60158139158287,
	"perimeter" : 304.98437074709256,
	"roudness" : 363.8076760357581,
	"radius" : 71.80079069579143,
	"minor_axis_length" : 46
},
"1" : {
	"eccentricity" : 1.3880597014925373,
	"form_factor" : 0.21643170494806072,
	"major_axis_length" : 93,
	"area" : 4462,
	"centroid_variation" : 19.748454560643143,
	"solidity" : 1.8212244897959184,
	"eq_dia" : 236.79346629768025,
	"perimeter" : 508.9900289789576,
	"roudness" : 965.718267478247,
	"radius" : 118.39673314884013,
	"minor_axis_length" : 67
},
"2" : {
	"eccentricity" : 1.0,
	"form_factor" : 0.24573557561547654,
	"major_axis_length" : 67,
	"area" : 3462,
	"centroid_variation" : -252.5505317899439,
	"solidity" : 0.40815845319500116,
	"eq_dia" : 208.5779831787417,
	"perimeter" : 420.76,
	"roudness" : 850.7365627807798,
	"radius" : 104.28899158937085,
	"minor_axis_length" : 67
},
"3" : {
	"eccentricity" : 1.118421052631579,
	"form_factor" : 0.1530423015246784,
	"major_axis_length" : 170,
	"area" : 12489,
	"centroid_variation" : -89.96073563757271,
	"solidity" : 0.36968297664505817,
	"eq_dia" : 396.1583049776083,
	"perimeter" : 1012.6585193440087,
	"roudness" : 1911.3453037417087,
	"radius" : 198.07915248880414,
	"minor_axis_length" : 152
},
"4" : {
	"eccentricity" : 1.007462686567164,
	"form_factor" : 0.17821107141436396,
	"major_axis_length" : 135,
	"area" : 10118,
	"centroid_variation" : 30.812447086029692,
	"solidity" : 1.9166508808486455,
	"eq_dia" : 356.5761319495265,
	"perimeter" : 844.6658364110626,
	"roudness" : 1803.1396205705346,
	"radius" : 178.28806597476324,
	"minor_axis_length" : 134
},
"5" : {
	"eccentricity" : 1.5696202531645569,
	"form_factor" : 0.16903741329002941,
	"major_axis_length" : 124,
	"area" : 5734,
	"centroid_variation" : 76.48019996951348,
	"solidity" : -0.6705648462168168,
	"eq_dia" : 268.4316842377879,
	"perimeter" : 652.8935184239464,
	"roudness" : 969.2605278050287,
	"radius" : 134.21584211889396,
	"minor_axis_length" : 79
},
}