{"0" : {
	"eccentricity" : 2.272727272727273,
	"form_factor" : 0.19989300746013206,
	"major_axis_length" : 25,
	"area" : 234,
	"centroid_variation" : -298.8229273285567,
	"solidity" : 3.391304347826087,
	"eq_dia" : 54.22666063625942,
	"perimeter" : 121.28694571139964,
	"roudness" : 46.7749637456709,
	"radius" : 27.11333031812971,
	"minor_axis_length" : 11
},
"1" : {
	"eccentricity" : 1.206896551724138,
	"form_factor" : 0.1671820096895817,
	"major_axis_length" : 35,
	"area" : 542,
	"centroid_variation" : -951.0282365476824,
	"solidity" : 0.23402417962003455,
	"eq_dia" : 82.52861850887044,
	"perimeter" : 201.84119302065176,
	"roudness" : 90.61264925175328,
	"radius" : 41.26430925443522,
	"minor_axis_length" : 29
},
"2" : {
	"eccentricity" : 1.0,
	"form_factor" : 0.2601984689424261,
	"major_axis_length" : 17,
	"area" : 236,
	"centroid_variation" : -2964.8165569143935,
	"solidity" : 0.071645415907711,
	"eq_dia" : 54.45790544070498,
	"perimeter" : 106.76,
	"roudness" : 61.40683867041256,
	"radius" : 27.22895272035249,
	"minor_axis_length" : 17
},
"3" : {
	"eccentricity" : 1.1176470588235294,
	"form_factor" : 0.2666712026939535,
	"major_axis_length" : 19,
	"area" : 272,
	"centroid_variation" : -287.0230349920873,
	"solidity" : 0.4767747589833479,
	"eq_dia" : 58.464115550529755,
	"perimeter" : 113.21431004956926,
	"roudness" : 72.53456713275536,
	"radius" : 29.232057775264877,
	"minor_axis_length" : 17
},
"4" : {
	"eccentricity" : 1.0,
	"form_factor" : 0.25570287886991444,
	"major_axis_length" : 20,
	"area" : 321,
	"centroid_variation" : -63.40667438677756,
	"solidity" : 0.852589641434263,
	"eq_dia" : 63.512242656115475,
	"perimeter" : 125.60000000000001,
	"roudness" : 82.08062411724254,
	"radius" : 31.756121328057738,
	"minor_axis_length" : 20
},
"5" : {
	"eccentricity" : 1.0476190476190477,
	"form_factor" : 0.26041778418880906,
	"major_axis_length" : 22,
	"area" : 378,
	"centroid_variation" : -928.7832780170893,
	"solidity" : 0.1005586592178771,
	"eq_dia" : 68.92088284567869,
	"perimeter" : 135.05650669256926,
	"roudness" : 98.43792242336983,
	"radius" : 34.460441422839345,
	"minor_axis_length" : 21
},
"6" : {
	"eccentricity" : 1.04,
	"form_factor" : 0.2287495014517949,
	"major_axis_length" : 26,
	"area" : 467,
	"centroid_variation" : -924.208984375,
	"solidity" : 0.08247240618101545,
	"eq_dia" : 76.60610339199961,
	"perimeter" : 160.17078135540203,
	"roudness" : 106.82601717798822,
	"radius" : 38.303051695999805,
	"minor_axis_length" : 25
},
"7" : {
	"eccentricity" : 1.0555555555555556,
	"form_factor" : 0.25490629669274967,
	"major_axis_length" : 19,
	"area" : 274,
	"centroid_variation" : 36.61094723041626,
	"solidity" : 4.566666666666666,
	"eq_dia" : 58.67866348456152,
	"perimeter" : 116.22242468646057,
	"roudness" : 69.84432529381341,
	"radius" : 29.33933174228076,
	"minor_axis_length" : 18
},
"8" : {
	"eccentricity" : 1.0476190476190477,
	"form_factor" : 0.2438833217006307,
	"major_axis_length" : 22,
	"area" : 354,
	"centroid_variation" : -16.446748350612637,
	"solidity" : 0.7405857740585774,
	"eq_dia" : 66.69704039523154,
	"perimeter" : 135.05650669256926,
	"roudness" : 86.33469588202327,
	"radius" : 33.34852019761577,
	"minor_axis_length" : 21
},
"9" : {
	"eccentricity" : 1.105263157894737,
	"form_factor" : 0.26062738564595345,
	"major_axis_length" : 21,
	"area" : 328,
	"centroid_variation" : -460.2586876873542,
	"solidity" : 0.13015873015873017,
	"eq_dia" : 64.20100903809697,
	"perimeter" : 125.75690199746495,
	"roudness" : 85.48578249187273,
	"radius" : 32.100504519048485,
	"minor_axis_length" : 19
},
"10" : {
	"eccentricity" : 1.105263157894737,
	"form_factor" : 0.2526814287665037,
	"major_axis_length" : 21,
	"area" : 318,
	"centroid_variation" : -221.7865847197202,
	"solidity" : 0.20838794233289645,
	"eq_dia" : 63.21475979046521,
	"perimeter" : 125.75690199746495,
	"roudness" : 80.35269434774817,
	"radius" : 31.607379895232604,
	"minor_axis_length" : 19
},
"11" : {
	"eccentricity" : 1.0526315789473684,
	"form_factor" : 0.2688072314006985,
	"major_axis_length" : 20,
	"area" : 321,
	"centroid_variation" : -244.85761473399728,
	"solidity" : 0.19164179104477613,
	"eq_dia" : 63.512242656115475,
	"perimeter" : 122.50024979566369,
	"roudness" : 86.28712127962422,
	"radius" : 31.756121328057738,
	"minor_axis_length" : 19
},
"12" : {
	"eccentricity" : 1.0526315789473684,
	"form_factor" : 0.2646202028742079,
	"major_axis_length" : 20,
	"area" : 316,
	"centroid_variation" : -316.55579848350925,
	"solidity" : 0.12879559812512736,
	"eq_dia" : 63.0156576902717,
	"perimeter" : 122.50024979566369,
	"roudness" : 83.6199841082497,
	"radius" : 31.50782884513585,
	"minor_axis_length" : 19
},
"13" : {
	"eccentricity" : 1.0,
	"form_factor" : 0.23661790114600653,
	"major_axis_length" : 26,
	"area" : 502,
	"centroid_variation" : -432.3704866562009,
	"solidity" : 0.10671768707482993,
	"eq_dia" : 79.42492082720828,
	"perimeter" : 163.28,
	"roudness" : 118.78218637529528,
	"radius" : 39.71246041360414,
	"minor_axis_length" : 26
},
"14" : {
	"eccentricity" : 1.05,
	"form_factor" : 0.2508144595876936,
	"major_axis_length" : 21,
	"area" : 331,
	"centroid_variation" : -115.64821471363527,
	"solidity" : 0.2972608890884598,
	"eq_dia" : 64.49394291988114,
	"perimeter" : 128.77828698969404,
	"roudness" : 83.01958612352658,
	"radius" : 32.24697145994057,
	"minor_axis_length" : 20
},
"15" : {
	"eccentricity" : 1.28125,
	"form_factor" : 0.1630269476075626,
	"major_axis_length" : 41,
	"area" : 692,
	"centroid_variation" : -398.7189791198518,
	"solidity" : 0.08797355708110857,
	"eq_dia" : 93.25196225890663,
	"perimeter" : 230.95548488832216,
	"roudness" : 112.81464774443332,
	"radius" : 46.625981129453315,
	"minor_axis_length" : 32
},
"16" : {
	"eccentricity" : 1.0555555555555556,
	"form_factor" : 0.26048818640135,
	"major_axis_length" : 19,
	"area" : 280,
	"centroid_variation" : -289.0436985433819,
	"solidity" : 0.12965964343598055,
	"eq_dia" : 59.31765143716134,
	"perimeter" : 116.22242468646057,
	"roudness" : 72.936692192378,
	"radius" : 29.65882571858067,
	"minor_axis_length" : 18
},
"17" : {
	"eccentricity" : 1.4482758620689655,
	"form_factor" : 0.16537107155882796,
	"major_axis_length" : 42,
	"area" : 676,
	"centroid_variation" : 72.3641022688011,
	"solidity" : -2.287648054145516,
	"eq_dia" : 92.16760024708684,
	"perimeter" : 226.6462353536895,
	"roudness" : 111.7908443737677,
	"radius" : 46.08380012354342,
	"minor_axis_length" : 29
},
"18" : {
	"eccentricity" : 1.15,
	"form_factor" : 0.25312277577939885,
	"major_axis_length" : 23,
	"area" : 369,
	"centroid_variation" : -58.51737765895619,
	"solidity" : 0.4288204532248693,
	"eq_dia" : 68.0954532747858,
	"perimeter" : 135.3482057509445,
	"roudness" : 93.40230426259818,
	"radius" : 34.0477266373929,
	"minor_axis_length" : 20
},
"19" : {
	"eccentricity" : 1.1578947368421053,
	"form_factor" : 0.22926483489525415,
	"major_axis_length" : 22,
	"area" : 304,
	"centroid_variation" : 51.13112766326,
	"solidity" : 0.6924829157175398,
	"eq_dia" : 61.80757774549321,
	"perimeter" : 129.08417408807324,
	"roudness" : 69.69650980815726,
	"radius" : 30.903788872746606,
	"minor_axis_length" : 19
},
"20" : {
	"eccentricity" : 1.15,
	"form_factor" : 0.25175083661528286,
	"major_axis_length" : 23,
	"area" : 367,
	"centroid_variation" : -228.98784121104754,
	"solidity" : 0.1381777108433735,
	"eq_dia" : 67.9106620161357,
	"perimeter" : 135.3482057509445,
	"roudness" : 92.39255703780881,
	"radius" : 33.95533100806785,
	"minor_axis_length" : 20
},
"21" : {
	"eccentricity" : 1.0526315789473684,
	"form_factor" : 0.2554087401159285,
	"major_axis_length" : 20,
	"area" : 305,
	"centroid_variation" : -247.5501356703989,
	"solidity" : 0.10827121050763223,
	"eq_dia" : 61.90915148327869,
	"perimeter" : 122.50024979566369,
	"roudness" : 77.8996657353582,
	"radius" : 30.954575741639346,
	"minor_axis_length" : 19
},
"22" : {
	"eccentricity" : 1.0526315789473684,
	"form_factor" : 0.2436850602417547,
	"major_axis_length" : 20,
	"area" : 291,