{"0" : {
	"eccentricity" : 1.125,
	"form_factor" : 0.25820249880515583,
	"major_axis_length" : 18,
	"area" : 235,
	"centroid_variation" : -7.344632768361581,
	"solidity" : 16.785714285714285,
	"eq_dia" : 54.34240604145538,
	"perimeter" : 106.94454637801782,
	"roudness" : 60.677587219211624,
	"radius" : 27.17120302072769,
	"minor_axis_length" : 16
},
"1" : {
	"eccentricity" : 1.275,
	"form_factor" : 0.16838014123360637,
	"major_axis_length" : 51,
	"area" : 1110,
	"centroid_variation" : -401.27428178333935,
	"solidity" : 0.3209947946790052,
	"eq_dia" : 118.10449348749896,
	"perimeter" : 287.8200118129384,
	"roudness" : 186.90195676930307,
	"radius" : 59.05224674374948,
	"minor_axis_length" : 40
},
"2" : {
	"eccentricity" : 1.0769230769230769,
	"form_factor" : 0.17055588259022586,
	"major_axis_length" : 56,
	"area" : 1563,
	"centroid_variation" : -693.2331476443406,
	"solidity" : 0.25334305859469974,
	"eq_dia" : 140.14719858150355,
	"perimeter" : 339.3525128829902,
	"roudness" : 266.57884448852303,
	"radius" : 70.07359929075177,
	"minor_axis_length" : 52
},
"3" : {
	"eccentricity" : 1.0357142857142858,
	"form_factor" : 0.2635338944269658,
	"major_axis_length" : 29,
	"area" : 672,
	"centroid_variation" : -215.4066045320549,
	"solidity" : 0.328125,
	"eq_dia" : 91.89451046090493,
	"perimeter" : 179.00754174056468,
	"roudness" : 177.094777054921,
	"radius" : 45.94725523045246,
	"minor_axis_length" : 28
},
"4" : {
	"eccentricity" : 1.0930232558139534,
	"form_factor" : 0.16473429351324195,
	"major_axis_length" : 47,
	"area" : 1049,
	"centroid_variation" : -34.284373266580374,
	"solidity" : 0.6847258485639687,
	"eq_dia" : 114.81342593295774,
	"perimeter" : 282.87897341442687,
	"roudness" : 172.8062738953908,
	"radius" : 57.40671296647887,
	"minor_axis_length" : 43
},
"5" : {
	"eccentricity" : 1.0,
	"form_factor" : 0.24258058070040478,
	"major_axis_length" : 27,
	"area" : 555,
	"centroid_variation" : -246.6593625093838,
	"solidity" : 0.14903329752953814,
	"eq_dia" : 83.51248823361294,
	"perimeter" : 169.56,
	"roudness" : 134.63222228872465,
	"radius" : 41.75624411680647,
	"minor_axis_length" : 27
},
"6" : {
	"eccentricity" : 1.1818181818181819,
	"form_factor" : 0.15589815176084357,
	"major_axis_length" : 78,
	"area" : 2554,
	"centroid_variation" : 62.270967329045476,
	"solidity" : 1.3556263269639066,
	"eq_dia" : 179.14940845303767,
	"perimeter" : 453.72728372889367,
	"roudness" : 398.16387959719447,
	"radius" : 89.57470422651883,
	"minor_axis_length" : 66
},
"7" : {
	"eccentricity" : 1.5555555555555556,
	"form_factor" : 0.2088432053730209,
	"major_axis_length" : 42,
	"area" : 817,
	"centroid_variation" : -101.29189816228097,
	"solidity" : 0.5998531571218796,
	"eq_dia" : 101.32484785052205,
	"perimeter" : 221.7204672555062,
	"roudness" : 170.62489878975808,
	"radius" : 50.662423925261024,
	"minor_axis_length" : 27
},
"8" : {
	"eccentricity" : 1.2954545454545454,
	"form_factor" : 0.1796880452096432,
	"major_axis_length" : 57,
	"area" : 1462,
	"centroid_variation" : -137.303956780701,
	"solidity" : 0.16051822573561703,
	"eq_dia" : 135.5434758230477,
	"perimeter" : 319.7562384066963,
	"roudness" : 262.7039220964984,
	"radius" : 67.77173791152384,
	"minor_axis_length" : 44
},
"9" : {
	"eccentricity" : 1.0731707317073171,
	"form_factor" : 0.18252897661991194,
	"major_axis_length" : 44,
	"area" : 1036,
	"centroid_variation" : -48.99463806970509,
	"solidity" : 0.16443139433378304,
	"eq_dia" : 114.09978070301494,
	"perimeter" : 267.0661835575594,
	"roudness" : 189.10001977822876,
	"radius" : 57.04989035150747,
	"minor_axis_length" : 41
},
"10" : {
	"eccentricity" : 1.1805555555555556,
	"form_factor" : 0.14148336839965456,
	"major_axis_length" : 85,
	"area" : 2755,
	"centroid_variation" : 54.35370479340298,
	"solidity" : -2.0168374816983894,
	"eq_dia" : 186.06544827710363,
	"perimeter" : 494.66711311749845,
	"roudness" : 389.7866799410483,
	"radius" : 93.03272413855181,
	"minor_axis_length" : 72
},
"11" : {
	"eccentricity" : 1.018181818181818,
	"form_factor" : 0.13953440766049313,
	"major_axis_length" : 56,
	"area" : 1349,
	"centroid_variation" : -15.404229258554805,
	"solidity" : 0.5139047619047619,
	"eq_dia" : 130.19997680019196,
	"perimeter" : 348.5541438571632,
	"roudness" : 188.23191593400523,
	"radius" : 65.09998840009598,
	"minor_axis_length" : 55
},
"12" : {
	"eccentricity" : 1.3863636363636365,
	"form_factor" : 0.16424490921779605,
	"major_axis_length" : 61,
	"area" : 1458,
	"centroid_variation" : 82.30478656522388,
	"solidity" : -0.48893360160965793,
	"eq_dia" : 135.357926830074,
	"perimeter" : 333.99328496243754,
	"roudness" : 239.46907763954664,
	"radius" : 67.678963415037,
	"minor_axis_length" : 44
},
"13" : {
	"eccentricity" : 1.4444444444444444,
	"form_factor" : 0.17139899389620483,
	"major_axis_length" : 65,
	"area" : 1681,
	"centroid_variation" : 37.08866412128519,
	"solidity" : 0.5881735479356193,
	"eq_dia" : 145.3412157742523,
	"perimeter" : 351.062672467467,
	"roudness" : 288.12170873952033,
	"radius" : 72.67060788712615,
	"minor_axis_length" : 45
},
}