{"0" : {
	"eccentricity" : 1.0410958904109588,
	"form_factor" : 0.20687465096293617,
	"major_axis_length" : 76,
	"area" : 3605,
	"centroid_variation" : -469.97810998398296,
	"solidity" : 0.3572136345620293,
	"eq_dia" : 212.84211534554154,
	"perimeter" : 467.9548226057725,
	"roudness" : 745.7831167213849,
	"radius" : 106.42105767277077,
	"minor_axis_length" : 73
},
"1" : {
	"eccentricity" : 1.25,
	"form_factor" : 0.21450646584781924,
	"major_axis_length" : 80,
	"area" : 3533,
	"centroid_variation" : -85.40256657705962,
	"solidity" : 0.637553009113056,
	"eq_dia" : 210.7059263061458,
	"perimeter" : 454.94254934002385,
	"roudness" : 757.8513438403454,
	"radius" : 105.3529631530729,
	"minor_axis_length" : 64
},
"2" : {
	"eccentricity" : 1.3968253968253967,
	"form_factor" : 0.22377477979537247,
	"major_axis_length" : 88,
	"area" : 4113,
	"centroid_variation" : 38.19223108904681,
	"solidity" : 0.9183878530758066,
	"eq_dia" : 227.34441347184952,
	"perimeter" : 480.5944127848347,
	"roudness" : 920.385669298367,
	"radius" : 113.67220673592476,
	"minor_axis_length" : 63
},
"3" : {
	"eccentricity" : 1.0298507462686568,
	"form_factor" : 0.20041146407546184,
	"major_axis_length" : 69,
	"area" : 2909,
	"centroid_variation" : -16.302892814913957,
	"solidity" : 0.3993136582017845,
	"eq_dia" : 191.1951153067746,
	"perimeter" : 427.08617397429293,
	"roudness" : 582.9969489955186,
	"radius" : 95.5975576533873,
	"minor_axis_length" : 67
},
"4" : {
	"eccentricity" : 1.4893617021276595,
	"form_factor" : 0.1973022784571465,
	"major_axis_length" : 70,
	"area" : 2201,
	"centroid_variation" : 7.406376142165802,
	"solidity" : 3.1,
	"eq_dia" : 166.30869406680017,
	"perimeter" : 374.41126158276813,
	"roudness" : 434.2623148841795,
	"radius" : 83.15434703340009,
	"minor_axis_length" : 47
},
}