{"0" : {
	"eccentricity" : 1.1531531531531531,
	"form_factor" : 0.23350500162117582,
	"major_axis_length" : 128,
	"area" : 10518,
	"centroid_variation" : -12.274188778181436,
	"solidity" : 0.8316925631597675,
	"eq_dia" : 363.5561663922506,
	"perimeter" : 752.356056664662,
	"roudness" : 2456.0056070515275,
	"radius" : 181.7780831961253,
	"minor_axis_length" : 111
},
}